Workbook
Name AllData: Report!$A$9:$G$28
Name Class: #REF!
Name Locations: #REF!
Name Type: #REF!

Sheet Data
A1: CompanyName | B1: Fleet Name
A2: RunDate | B2: 42391.653
A3: FromDate | B3: 42391
A4: ToDate | B4: 42392
A5: SendReport | B5: TRUE
A6: LastModifiedUser
A7: .Device.DeviceName | B7: .Device.DeviceId | C7: .Device.DeviceComment | D7: .Device.DeviceGroup | E7: FaultDataDateTime | F7: .Diagnostic.DiagnosticName | G7: .Diagnostic.DiagnosticId | H7: .Diagnostic.DiagnosticCode | I7: .FailureMode.FailureModeName | J7: .FailureMode.FailureModeId | K7: .FailureMode.FailureModeCode | L7: .Diagnostic.Source.SourceName | M7: .Diagnostic.Source.SourceId | N7: .Controller.ControllerName | O7: .Controller.ControllerId | P7: .Controller.ControllerCode | Q7: FaultDataFaultState | R7: FaultDataCount | S7: .DismissUser.UserName | T7: .DismissUser.UserId | U7: .DismissUser.UserComment | V7: FaultDataDismissDateTime | W7: .FlashCode.FlashCodeName | X7: .FlashCode.FlashCodeId | Y7: .FlashCode.FlashCodeCircuitIndex | Z7: .FlashCode.FlashCodeFlashCodeIndex | AA7: .FloashCode.FlashCodePriorityLevel | AB7: .FlashCode.FlashCodeHelpUrl | AC7: .FlashCode.FlashCodePageReference | AD7: .FlashCode.FlashCodePageReference | AE7: .FlashCode.FaultDataAmberWarningLamp | AF7: .FlashCode.FaultDataRedStopLamp | AG7: .FlashCode.FaultDataMalfunctionLamp | AH7: .FlashCode.FaultDataProtectWarningLamp | AI7: .FaultDataFaultLampStatus
A8: Vehicle 1 | D8: Group A | E8: 42391.243 | F8: Telematics device fault: GPS quality poor (bad device install or vehicle undercover) | L8: Telematics Device | M8: SourceGeotabGoId | Q8: Pending | R8: 1 | S8: **<No User> | T8: NoUserId
A9: Vehicle 1 | D9: Group A | E9: 42391.43 | F9: Accelerometer disabled due to excessive data (device needs re-installation) | L9: Telematics Device | M9: SourceGeotabGoId | Q9: Active | R9: 1 | S9: **<No User> | T9: NoUserId
A10: Vehicle 1 | D10: Group A | E10: 42391.441 | F10: ALERT: Accident limit for acceleration exceeded | L10: Telematics Device | M10: SourceGeotabGoId | Q10: Pending | R10: 1 | S10: **<No User> | T10: NoUserId
A11: Vehicle 1 | D11: Group A | E11: 42391.22 | F11: CAN BUS disabled due to excessive errors detected (device install needs validation) | L11: Telematics Device | M11: SourceGeotabGoId | Q11: Pending | R11: 1 | S11: **<No User> | T11: NoUserId
A12: Vehicle 1 | D12: Group A | E12: 42391.318 | F12: CAN transmit error count exceeded | L12: Telematics Device | M12: SourceGeotabGoId | Q12: Pending | R12: 1 | S12: **<No User> | T12: NoUserId
A13: Vehicle 1 | D13: Group A | E13: 42391.333 | F13: Device is disabled in MyAdmin (contact reseller) | L13: Telematics Device | M13: SourceGeotabGoId | Q13: Pending | R13: 1 | S13: **<No User> | T13: NoUserId
A14: Vehicle 2 | D14: Group B | E14: 42391.327 | F14: Device logging disabled | L14: Telematics Device | M14: SourceGeotabGoId | Q14: Pending | R14: 1 | S14: **<No User> | T14: NoUserId
A15: Vehicle 2 | D15: Group B | E15: 42391.527 | F15: Excessive accelerometer events | L15: Telematics Device | M15: SourceGeotabGoId | Q15: Pending | R15: 1 | S15: **<No User> | T15: NoUserId
A16: Vehicle 2 | D16: Group B | E16: 42391.577 | F16: Excessive accelerometer events over accident threshold | L16: Telematics Device | M16: SourceGeotabGoId | Q16: Pending | R16: 1 | S16: **<No User> | T16: NoUserId
A17: Vehicle 3 | D17: Group B | E17: 42391.334 | F17: Excessive accelerometer logs in a single event | L17: Telematics Device | M17: SourceGeotabGoId | Q17: Pending | R17: 1 | S17: **<No User> | T17: NoUserId
A18: Vehicle 4 | D18: Group A | E18: 42391.017 | F18: Excessive engine records are being created | L18: Telematics Device | M18: SourceGeotabGoId | Q18: Pending | R18: 1 | S18: **<No User> | T18: NoUserId
A19: Vehicle 4 | D19: Group A | E19: 42392.017 | F19: Excessive errors detected on legacy communication bus | L19: Telematics Device | M19: SourceGeotabGoId | Q19: Pending | R19: 1 | S19: **<No User> | T19: NoUserId
... A44: Vehicle 28 | D44: Group B | E44: 42409.335 | F44: Warning: vehicle battery has low voltage | L44: Telematics Device | M44: SourceGeotabGoId | Q44: Pending | R44: 1 | S44: **<No User> | T44: NoUserId

Sheet Fault Summary
A1: Telematics Device Fault Summary | C1: =Data!B2 -> 42391.653
A2: =Data!B1 -> Fleet Name
A4: Date
A5: From | B5: =Data!B3 -> 42391
A6: To | B6: =Data!B4 -> 42392
A7: Days | B7: =B6-B5 -> 0.99998843
A9: Fault | B9: Device Count
A10: Gps Quality Poor | B10: 2
A11: Accident Limit For Acceleration Exceeded | B11: 1 | E11: =IF(OR(A10="",A10="(blank)"),"No Telematic Faults","")
A12: Can Mode Failed During Initialization | B12: 1
A13: Device Is Disabled In Myadmin | B13: 1
A14: Gps Antenna Short-Circuited | B14: 1
A15: Can Bus Disabled Due To Excessive Errors Detected | B15: 1
A16: Excessive Logging Detected | B16: 1
A17: Device Logging Disabled | B17: 1
A18: Excessive Errors Detected On Legacy Communication Bus | B18: 1
A19: Can Transmit Error Count Exceeded | B19: 1
A20: Excessive Engine Records Are Being Created | B20: 1
A21: Can Bus Was Not Initialized | B21: 1
A22: Excessive Accelerometer Logs In A Single Event | B22: 1
A23: All Power Removed - Device Restarted | B23: 1
... A28: Grand Total | B28: 19

Sheet Vehicle Fault Breakdown
A1: Telematics Device Fault Report | C1: =Data!B2 -> 42391.653
A2: =Data!B1 -> Fleet Name
A4: Date
A5: From | B5: =Data!B3 -> 42391
A6: To | B6: =Data!B4 -> 42392
A7: Days | B7: =B6-B5 -> 0.99998843
A9: Device | B9: Fault | C9: Date | D9: Time
A10: Vehicle 1 | B10: Accelerometer Disabled Due To Excessive Data | C10: 42391 | D10: 0.43043981
A11: Vehicle 1 | B11: Accident Limit For Acceleration Exceeded | C11: 42391 | D11: 0.44121528
A12: Vehicle 1 | B12: Can Bus Disabled Due To Excessive Errors Detected | C12: 42391 | D12: 0.21997685
A13: Vehicle 1 | B13: Can Transmit Error Count Exceeded | C13: 42391 | D13: 0.31761574
A14: Vehicle 1 | B14: Device Is Disabled In Myadmin | C14: 42391 | D14: 0.33252315
A15: Vehicle 1 | B15: Gps Quality Poor | C15: 42391 | D15: 0.24340278
A16: Vehicle 2 | B16: Device Logging Disabled | C16: 42391 | D16: 0.32688657
A17: Vehicle 2 | B17: Excessive Accelerometer Events | C17: 42391 | D17: 0.52734954
A18: Vehicle 2 | B18: Excessive Accelerometer Events Over Accident Threshold | C18: 42391 | D18: 0.57701389
A19: Vehicle 3 | B19: Excessive Accelerometer Logs In A Single Event | C19: 42391 | D19: 0.33353009
A20: Vehicle 4 | B20: Excessive Engine Records Are Being Created | C20: 42391 | D20: 0.017060185
A21: Vehicle 4 | B21: Excessive Errors Detected On Legacy Communication Bus | C21: 42392 | D21: 0.017060185
... A28: Vehicle 10 | B28: Gps Quality Poor | C28: 42391 | D28: 0.33517361

Sheet Report
A1: Telematics Device Fault Report | C1: =Data!B2 -> 42391.653
A2: =Data!B1 -> Fleet Name
A4: Date
A5: From | B5: =Data!B3 -> 42391
A6: To | B6: =Data!B4 -> 42392
A7: Days | B7: =B6-B5 -> 0.99998843
A9: Device | B9: Unique Device Per Fault | C9: Device Group | D9: Date | E9: Time | F9: Fault | G9: Description
A10: =Data!A8 -> Vehicle 1 | B10: =IF((MATCH(F10,OFFSET(INDIRECT("F"&MATCH(A10,A:A,0)),0,0,COUNTIF(A:A,A10),1),0)+MATCH(A10,A:A,0)-1)=ROW(F10),1,0) -> 1 | C10: =Data!D8 -> Group A | D10: =INT(Data!E8) -> 42391 | E10: =MOD(Data!E8,1) -> 0.24339954 | F10: =TRIM(IF(ISERROR(FIND("(",G10)),G10,LEFT(G10,FIND("(",G10)-1))) -> Gps Quality Poor | G10: =PROPER(SUBSTITUTE(SUBSTITUTE(SUBSTITUTE(SUBSTITUTE(Data!F8,"Telematics device fault: ",""),"report to reseller - ",""),"ALERT: ",""),"Warning: ","")) -> Gps Quality Poor (Bad Device Install Or Vehicle Undercover)
A11: =Data!A9 -> Vehicle 1 | B11: =IF((MATCH(F11,OFFSET(INDIRECT("F"&MATCH(A11,A:A,0)),0,0,COUNTIF(A:A,A11),1),0)+MATCH(A11,A:A,0)-1)=ROW(F11),1,0) -> 1 | C11: =Data!D9 -> Group A | D11: =INT(Data!E9) -> 42391 | E11: =MOD(Data!E9,1) -> 0.43044094 | F11: =TRIM(IF(ISERROR(FIND("(",G11)),G11,LEFT(G11,FIND("(",G11)-1))) -> Accelerometer Disabled Due To Excessive Data | G11: =PROPER(SUBSTITUTE(SUBSTITUTE(SUBSTITUTE(SUBSTITUTE(Data!F9,"Telematics device fault: ",""),"report to reseller - ",""),"ALERT: ",""),"Warning: ","")) -> Accelerometer Disabled Due To Excessive Data (Device Needs Re-Installation)
A12: =Data!A10 -> Vehicle 1 | B12: =IF((MATCH(F12,OFFSET(INDIRECT("F"&MATCH(A12,A:A,0)),0,0,COUNTIF(A:A,A12),1),0)+MATCH(A12,A:A,0)-1)=ROW(F12),1,0) -> 1 | C12: =Data!D10 -> Group A | D12: =INT(Data!E10) -> 42391 | E12: =MOD(Data!E10,1) -> 0.44121204 | F12: =TRIM(IF(ISERROR(FIND("(",G12)),G12,LEFT(G12,FIND("(",G12)-1))) -> Accident Limit For Acceleration Exceeded | G12: =PROPER(SUBSTITUTE(SUBSTITUTE(SUBSTITUTE(SUBSTITUTE(Data!F10,"Telematics device fault: ",""),"report to reseller - ",""),"ALERT: ",""),"Warning: ","")) -> Accident Limit For Acceleration Exceeded
A13: =Data!A11 -> Vehicle 1 | B13: =IF((MATCH(F13,OFFSET(INDIRECT("F"&MATCH(A13,A:A,0)),0,0,COUNTIF(A:A,A13),1),0)+MATCH(A13,A:A,0)-1)=ROW(F13),1,0) -> 1 | C13: =Data!D11 -> Group A | D13: =INT(Data!E11) -> 42391 | E13: =MOD(Data!E11,1) -> 0.21997446 | F13: =TRIM(IF(ISERROR(FIND("(",G13)),G13,LEFT(G13,FIND("(",G13)-1))) -> Can Bus Disabled Due To Excessive Errors Detected | G13: =PROPER(SUBSTITUTE(SUBSTITUTE(SUBSTITUTE(SUBSTITUTE(Data!F11,"Telematics device fault: ",""),"report to reseller - ",""),"ALERT: ",""),"Warning: ","")) -> Can Bus Disabled Due To Excessive Errors Detected (Device Install Needs Validation)
A14: =Data!A12 -> Vehicle 1 | B14: =IF((MATCH(F14,OFFSET(INDIRECT("F"&MATCH(A14,A:A,0)),0,0,COUNTIF(A:A,A14),1),0)+MATCH(A14,A:A,0)-1)=ROW(F14),1,0) -> 1 | C14: =Data!D12 -> Group A | D14: =INT(Data!E12) -> 42391 | E14: =MOD(Data!E12,1) -> 0.31761262 | F14: =TRIM(IF(ISERROR(FIND("(",G14)),G14,LEFT(G14,FIND("(",G14)-1))) -> Can Transmit Error Count Exceeded | G14: =PROPER(SUBSTITUTE(SUBSTITUTE(SUBSTITUTE(SUBSTITUTE(Data!F12,"Telematics device fault: ",""),"report to reseller - ",""),"ALERT: ",""),"Warning: ","")) -> Can Transmit Error Count Exceeded
A15: =Data!A13 -> Vehicle 1 | B15: =IF((MATCH(F15,OFFSET(INDIRECT("F"&MATCH(A15,A:A,0)),0,0,COUNTIF(A:A,A15),1),0)+MATCH(A15,A:A,0)-1)=ROW(F15),1,0) -> 1 | C15: =Data!D13 -> Group A | D15: =INT(Data!E13) -> 42391 | E15: =MOD(Data!E13,1) -> 0.33251971 | F15: =TRIM(IF(ISERROR(FIND("(",G15)),G15,LEFT(G15,FIND("(",G15)-1))) -> Device Is Disabled In Myadmin | G15: =PROPER(SUBSTITUTE(SUBSTITUTE(SUBSTITUTE(SUBSTITUTE(Data!F13,"Telematics device fault: ",""),"report to reseller - ",""),"ALERT: ",""),"Warning: ","")) -> Device Is Disabled In Myadmin (Contact Reseller)
A16: =Data!A14 -> Vehicle 2 | B16: =IF((MATCH(F16,OFFSET(INDIRECT("F"&MATCH(A16,A:A,0)),0,0,COUNTIF(A:A,A16),1),0)+MATCH(A16,A:A,0)-1)=ROW(F16),1,0) -> 1 | C16: =Data!D14 -> Group B | D16: =INT(Data!E14) -> 42391 | E16: =MOD(Data!E14,1) -> 0.32688322 | F16: =TRIM(IF(ISERROR(FIND("(",G16)),G16,LEFT(G16,FIND("(",G16)-1))) -> Device Logging Disabled | G16: =PROPER(SUBSTITUTE(SUBSTITUTE(SUBSTITUTE(SUBSTITUTE(Data!F14,"Telematics device fault: ",""),"report to reseller - ",""),"ALERT: ",""),"Warning: ","")) -> Device Logging Disabled
A17: =Data!A15 -> Vehicle 2 | B17: =IF((MATCH(F17,OFFSET(INDIRECT("F"&MATCH(A17,A:A,0)),0,0,COUNTIF(A:A,A17),1),0)+MATCH(A17,A:A,0)-1)=ROW(F17),1,0) -> 1 | C17: =Data!D15 -> Group B | D17: =INT(Data!E15) -> 42391 | E17: =MOD(Data!E15,1) -> 0.52734633 | F17: =TRIM(IF(ISERROR(FIND("(",G17)),G17,LEFT(G17,FIND("(",G17)-1))) -> Excessive Accelerometer Events | G17: =PROPER(SUBSTITUTE(SUBSTITUTE(SUBSTITUTE(SUBSTITUTE(Data!F15,"Telematics device fault: ",""),"report to reseller - ",""),"ALERT: ",""),"Warning: ","")) -> Excessive Accelerometer Events
A18: =Data!A16 -> Vehicle 2 | B18: =IF((MATCH(F18,OFFSET(INDIRECT("F"&MATCH(A18,A:A,0)),0,0,COUNTIF(A:A,A18),1),0)+MATCH(A18,A:A,0)-1)=ROW(F18),1,0) -> 1 | C18: =Data!D16 -> Group B | D18: =INT(Data!E16) -> 42391 | E18: =MOD(Data!E16,1) -> 0.577013 | F18: =TRIM(IF(ISERROR(FIND("(",G18)),G18,LEFT(G18,FIND("(",G18)-1))) -> Excessive Accelerometer Events Over Accident Threshold | G18: =PROPER(SUBSTITUTE(SUBSTITUTE(SUBSTITUTE(SUBSTITUTE(Data!F16,"Telematics device fault: ",""),"report to reseller - ",""),"ALERT: ",""),"Warning: ","")) -> Excessive Accelerometer Events Over Accident Threshold
A19: =Data!A17 -> Vehicle 3 | B19: =IF((MATCH(F19,OFFSET(INDIRECT("F"&MATCH(A19,A:A,0)),0,0,COUNTIF(A:A,A19),1),0)+MATCH(A19,A:A,0)-1)=ROW(F19),1,0) -> 1 | C19: =Data!D17 -> Group B | D19: =INT(Data!E17) -> 42391 | E19: =MOD(Data!E17,1) -> 0.33352747 | F19: =TRIM(IF(ISERROR(FIND("(",G19)),G19,LEFT(G19,FIND("(",G19)-1))) -> Excessive Accelerometer Logs In A Single Event | G19: =PROPER(SUBSTITUTE(SUBSTITUTE(SUBSTITUTE(SUBSTITUTE(Data!F17,"Telematics device fault: ",""),"report to reseller - ",""),"ALERT: ",""),"Warning: ","")) -> Excessive Accelerometer Logs In A Single Event
A20: =Data!A18 -> Vehicle 4 | B20: =IF((MATCH(F20,OFFSET(INDIRECT("F"&MATCH(A20,A:A,0)),0,0,COUNTIF(A:A,A20),1),0)+MATCH(A20,A:A,0)-1)=ROW(F20),1,0) -> 1 | C20: =Data!D18 -> Group A | D20: =INT(Data!E18) -> 42391 | E20: =MOD(Data!E18,1) -> 0.017056794 | F20: =TRIM(IF(ISERROR(FIND("(",G20)),G20,LEFT(G20,FIND("(",G20)-1))) -> Excessive Engine Records Are Being Created | G20: =PROPER(SUBSTITUTE(SUBSTITUTE(SUBSTITUTE(SUBSTITUTE(Data!F18,"Telematics device fault: ",""),"report to reseller - ",""),"ALERT: ",""),"Warning: ","")) -> Excessive Engine Records Are Being Created
A21: =Data!A19 -> Vehicle 4 | B21: =IF((MATCH(F21,OFFSET(INDIRECT("F"&MATCH(A21,A:A,0)),0,0,COUNTIF(A:A,A21),1),0)+MATCH(A21,A:A,0)-1)=ROW(F21),1,0) -> 1 | C21: =Data!D19 -> Group A | D21: =INT(Data!E19) -> 42392 | E21: =MOD(Data!E19,1) -> 0.017056771 | F21: =TRIM(IF(ISERROR(FIND("(",G21)),G21,LEFT(G21,FIND("(",G21)-1))) -> Excessive Errors Detected On Legacy Communication Bus | G21: =PROPER(SUBSTITUTE(SUBSTITUTE(SUBSTITUTE(SUBSTITUTE(Data!F19,"Telematics device fault: ",""),"report to reseller - ",""),"ALERT: ",""),"Warning: ","")) -> Excessive Errors Detected On Legacy Communication Bus
... A46: =Data!A44 -> Vehicle 28 | B46: =IF((MATCH(F46,OFFSET(INDIRECT("F"&MATCH(A46,A:A,0)),0,0,COUNTIF(A:A,A46),1),0)+MATCH(A46,A:A,0)-1)=ROW(F46),1,0) -> 1 | C46: =Data!D44 -> Group B | D46: =INT(Data!E44) -> 42409 | E46: =MOD(Data!E44,1) -> 0.33517037 | F46: =TRIM(IF(ISERROR(FIND("(",G46)),G46,LEFT(G46,FIND("(",G46)-1))) -> Vehicle Battery Has Low Voltage | G46: =PROPER(SUBSTITUTE(SUBSTITUTE(SUBSTITUTE(SUBSTITUTE(Data!F44,"Telematics device fault: ",""),"report to reseller - ",""),"ALERT: ",""),"Warning: ","")) -> Vehicle Battery Has Low Voltage

Sheet Diagnostics String
A1: =CONCATENATE('Normalized Fault List'!A2,", ",'Normalized Fault List'!A3,", ",'Normalized Fault List'!A4,", ",'Normalized Fault List'!A5,", ",'Normalized Fault List'!A6,", ",'Normalized Fault List'!A7,", ",'Normalized Fault List'!A8,", ",'Normalized Fault List'!A9,", ",'Normalized Fault List'!A10,", ",'Normalized Fault List'!A11,", ",'Normalized Fault List'!A12,", ",'Normalized Fault List'!A13,", ",'Normalized Fault List'!A14,", ",'Normalized Fault List'!A15,", ",'Normalized Fault List'!A16,", ",'Normalized Fault List'!A17,", ",'Normalized Fault List'!A18,", ",'Normalized Fault List'!A19,", ",'Normalized Fault List'!A20,", ",'Normalized Fault List'!A21,", ",'Normalized Fault List'!A22,", ",'Normalized Fault List'!A23,", ",'Normalized Fault List'!A24,", ",'Normalized Fault List'!A25,", ",'Normalized Fault List'!A26,", ",'Normalized Fault List'!A27,", ",'Normalized Fault List'!A28,", ",'Normalized Fault List'!A29,", ",'Normalized Fault List'!A30,", ",'Normalized Fault List'!A31,", ",'Normalized Fault List'!A32,", ",'Normalized Fault List'!A33,", ",'Normalized Fault List'!A34,", ",'Normalized Fault List'!A35,", ",'Normalized Fault List'!A36) -> Telematics device fault: GPS quality poor (bad device install or vehicle undercover), Telematics device fault: check device install - accelerometer disabled due to excessive data, ALERT: Accident limit for acceleration exceeded, Telematics device fault: problem communicating with engine - potential bad install - harness issue or device failure - CAN BUS disabled due to excessive errors detected, CAN transmit error count exceeded, Device is disabled in MyAdmin (contact reseller), Device logging is disabled in MyAdmin (contact reseller), Excessive accelerometer events, Excessive accelerometer events over accident threshold, Excessive accelerometer logs in a single event, Excessive engine records are being created, Excessive errors detected on legacy communication bus, Excessive logging detected, Telematics device fault: all power removed - device restarted, Telematics device fault: problem communicating with engine - potential bad install - harness issue or device failure - CAN mode failed during normal operation, Telematics device fault: problem communicating with engine - potential bad install - harness issue or device failure - CAN mode failed during initialization, Telematics device fault: remove device and report to reseller - GPS antenna short-circuited, Telematics device fault: remove device and report to reseller - GPS antenna unplugged, Telematics device fault: remove device and report to reseller - Aux module failure, Telematics device fault: remove device and report to reseller - bootloader update has failed, Telematics device fault: report to reseller - device restarted (internal reset condition), Telematics device fault: remove device and report to reseller - flash memory failure, Telematics device fault: remove device and report to reseller - GPS module not responding, Telematics device fault: remove device and report to reseller - internal clock stopped, Telematics device fault: remove device and report to reseller - invalid device type detected, Telematics device fault: report to reseller - invalid opcode reset, Telematics device fault: remove device and report to reseller - RF module failure, Telematics device fault: remove device and report to reseller - RF module MAC address error, Telematics device fault: report to reseller - telematics device restarted (internal watchdog condition), Telematics device fault: restarted the modem manager state machine, Telematics device fault: restarted the modem state machine, Telematics device fault: restarted the radio manager state machine, Telematics device fault: restarted the radio state machine, Telematics device fault: telematics device has been unplugged, Warning: vehicle battery has low voltage

Sheet Normalized Fault List
A1: Raw Fault | B1: Normalized Fault
A2: Telematics device fault: GPS quality poor (bad device install or vehicle undercover) | B2: =TRIM(IF(ISERROR(FIND("(",A2)),A2,LEFT(A2,FIND("(",A2)-1))) -> Telematics device fault: GPS quality poor
A3: Telematics device fault: check device install - accelerometer disabled due to excessive data | B3: =TRIM(IF(ISERROR(FIND("(",A3)),A3,LEFT(A3,FIND("(",A3)-1))) -> Telematics device fault: check device install - accelerometer disabled due to excessive data
A4: ALERT: Accident limit for acceleration exceeded | B4: =TRIM(IF(ISERROR(FIND("(",A4)),A4,LEFT(A4,FIND("(",A4)-1))) -> ALERT: Accident limit for acceleration exceeded
A5: Telematics device fault: problem communicating with engine - potential bad install - harness issue or device failure - CAN BUS disabled due to excessive errors detected | B5: =TRIM(IF(ISERROR(FIND("(",A5)),A5,LEFT(A5,FIND("(",A5)-1))) -> Telematics device fault: problem communicating with engine - potential bad install - harness issue or device failure - CAN BUS disabled due to excessive errors detected
A6: CAN transmit error count exceeded | B6: =TRIM(IF(ISERROR(FIND("(",A6)),A6,LEFT(A6,FIND("(",A6)-1))) -> CAN transmit error count exceeded
A7: Device is disabled in MyAdmin (contact reseller) | B7: =TRIM(IF(ISERROR(FIND("(",A7)),A7,LEFT(A7,FIND("(",A7)-1))) -> Device is disabled in MyAdmin
A8: Device logging is disabled in MyAdmin (contact reseller) | B8: =TRIM(IF(ISERROR(FIND("(",A8)),A8,LEFT(A8,FIND("(",A8)-1))) -> Device logging is disabled in MyAdmin
A9: Excessive accelerometer events | B9: =TRIM(IF(ISERROR(FIND("(",A9)),A9,LEFT(A9,FIND("(",A9)-1))) -> Excessive accelerometer events
A10: Excessive accelerometer events over accident threshold | B10: =TRIM(IF(ISERROR(FIND("(",A10)),A10,LEFT(A10,FIND("(",A10)-1))) -> Excessive accelerometer events over accident threshold
A11: Excessive accelerometer logs in a single event | B11: =TRIM(IF(ISERROR(FIND("(",A11)),A11,LEFT(A11,FIND("(",A11)-1))) -> Excessive accelerometer logs in a single event
A12: Excessive engine records are being created | B12: =TRIM(IF(ISERROR(FIND("(",A12)),A12,LEFT(A12,FIND("(",A12)-1))) -> Excessive engine records are being created
A13: Excessive errors detected on legacy communication bus | B13: =TRIM(IF(ISERROR(FIND("(",A13)),A13,LEFT(A13,FIND("(",A13)-1))) -> Excessive errors detected on legacy communication bus
... A36: Warning: vehicle battery has low voltage | B36: =TRIM(IF(ISERROR(FIND("(",A36)),A36,LEFT(A36,FIND("(",A36)-1))) -> Warning: vehicle battery has low voltage

Sheet Languages
A1: English | B1: French | C1: Spanish | D1: German | E1: Japanese
A2: **Device | B2: Dispositif | C2: Dispositivo | D2: Gerät | E2: デバイス
A3: **Device Group | B3: Groupe de dispositifs | C3: Grupo de dispositivos | D3: Gerätegruppe | E3: デバイスグループ
A4: **Date | B4: Date | C4: Fecha | D4: Datum | E4: データ
A5: **Dismiss Date | B5: Date de rejet | C5: Fecha de descarte | D5: Aufhebungsdatum | E5: 日付を却下
A6: **Dismiss User | B6: Rejeter l'utilisateur | C6: Usuario que lo descarta | D6: Aufhebender Benutzer | E6: ユーザーを却下
A7: **Description | B7: Description | C7: Descripción | D7: Beschreibung | E7: 説明を入力してください
A8: **Failure Mode | B8: Modes de défaillance | C8: Modo de Falla | D8: Ausfallart | E8: 故障モード
A9: **Source | B9: Source | C9: Fuente | D9: Quelle | E9: ソース
A10: **Controller | B10: Contrôleur du moteur | C10: Controlador de motor | D10: Motorsteuerung | E10: コントローラー
A11: **Code | B11: Code | C11: Código | D11: Code | E11: コード
A12: **Engine Fault Report | B12: Rapport d'anomalie du moteur | C12: Reporte de errores del motor | D12: Bericht Motorfehler | E12: エンジン異常レポート
... A15: **To | B15: Pour | C15: Para | D15: An | E15: へ
