Workbook
Name AllData: Report!$A$11:$AA$32

Sheet Summary
A1: **Duty Status Logs
A2: =Data!B1 -> ABC Company
A4: **Date
A5: **From | B5: =Data!B3 -> 43040
A6: **To | B6: =Data!B4 -> 43070
A7: **Days | B7: =B6-B5 -> 29.999988
A9: **Distance Unit | B9: =PROPER(Data!B5) -> Miles
A11: **Driver | B11: **First Name | C11: **Last Name | D11: **Driver Group | E11: **Date | F11: **Status | G11: **Annotations | H11: **Vehicle | I11: **Address | J11: **Log Distance | K11: **Log Duration
A12: Driver A | B12: FirstName | C12: LastName | D12: Entire Organization | E12: 43044.837 | F12: D | G12: 0 | H12: Vehicle 1 | I12: Street Address, City, State Zip, Country | J12: 4.0093284 | K12: 0.0084722222
E13: 43044.846 | F13: ON | G13: 0 | H13: Vehicle 1 | I13: Street Address, City, State Zip, Country | J13: 0 | K13: 0.66534722
E14: 43045.511 | F14: D | G14: 0 | H14: Vehicle 1 | I14: Street Address, City, State Zip, Country | J14: 0 | K14: 0.00032407407
E15: 43045.511 | F15: OFF | G15: 0 | H15: Vehicle 1 | I15: Street Address, City, State Zip, Country | J15: 0 | K15: 0.41414352
E16: 43045.926 | F16: D | G16: 0 | H16: Vehicle 1 | I16: Street Address, City, State Zip, Country | J16: 3.9767759 | K16: 0.0091203704
E17: 43045.935 | F17: ON | G17: 0 | H17: Vehicle 1 | I17: Street Address, City, State Zip, Country | J17: 0.035811413 | K17: 0.95743056
E18: 43046.892 | F18: D | G18: 0 | H18: Vehicle 1 | I18: Street Address, City, State Zip, Country | J18: 11.956654 | K18: 0.011747685
E19: 43046.904 | F19: ON | G19: 0 | H19: Vehicle 1 | I19: Street Address, City, State Zip, Country | J19: 0.032644507 | K19: 0.15615741
E20: 43047.06 | F20: D | G20: 0 | H20: Vehicle 1 | I20: Street Address, City, State Zip, Country | J20: 5.9946566 | K20: 0.012430556
E21: 43047.072 | F21: ON | G21: 0 | H21: Vehicle 1 | I21: Street Address, City, State Zip, Country | J21: 0 | K21: 6.2697454
E22: 43053.342 | F22: OFF | G22: 0 | H22: Vehicle 1 | I22: Street Address, City, State Zip, Country | J22: 0 | K22: 16.657789
A23: Driver A Total | J23: 26.00587 | K23: 25.162708
A24: Driver B | B24: FirstName | C24: LastName | D24: Entire Organization | E24: 43053.342 | F24: ON | G24: 0 | H24: Vehicle 1 | I24: Street Address, City, State Zip, Country | J24: 0 | K24: 0.00021990741
E25: 43053.342 | F25: OFF | G25: 0 | H25: Vehicle 1 | I25: Street Address, City, State Zip, Country | J25: 0 | K25: 16.267697
E26: 43069.61 | F26: D | G26: 0 | H26: Vehicle 1 | I26: Street Address, City, State Zip, Country | J26: 7.9467397 | K26: 0.011006944
E27: 43069.621 | F27: ON | G27: 0 | H27: Vehicle 1 | I27: Street Address, City, State Zip, Country | J27: 0.0080242055 | K27: 0.058888889
E28: 43069.68 | F28: D | G28: 0 | H28: Vehicle 1 | I28: Street Address, City, State Zip, Country | J28: 4.0308886 | K28: 0.0055555556
E29: 43069.686 | F29: ON | G29: 0 | H29: Vehicle 1 | I29: Street Address, City, State Zip, Country | J29: 0.042117558 | K29: 0.069201389
E30: 43069.755 | F30: D | G30: 0 | H30: Vehicle 1 | I30: Street Address, City, State Zip, Country | J30: 5.9230461 | K30: 0.0082175926
E31: 43069.763 | F31: ON | G31: 0 | H31: Vehicle 1 | I31: Street Address, City, State Zip, Country | J31: 0.03744654 | K31: 0.0093055556
E32: 43069.772 | F32: D | G32: 0 | H32: Vehicle 1 | I32: Street Address, City, State Zip, Country | J32: 6.019011 | K32: 0.0064814815
E33: 43069.779 | F33: ON | G33: 0 | H33: Vehicle 1 | I33: Street Address, City, State Zip, Country | J33: 0 | K33: 0.22113426
A34: Driver B Total | J34: 24.007274 | K34: 16.657708
A35: Grand Total | J35: 50.013144 | K35: 41.820417

Sheet Unverified Logs
A1: **Duty Status Logs
A2: =Data!B1 -> ABC Company
A4: **Date
A5: **From | B5: =Data!B3 -> 43040
A6: **To | B6: =Data!B4 -> 43070
A7: **Days | B7: =B6-B5 -> 29.999988
A9: **Distance Unit | B9: =PROPER(Data!B5) -> Miles
A10: Verified | B10: FALSE
A12: **Driver | B12: **First Name | C12: **Last Name | D12: **Driver Group | E12: **Date | F12: **Status | G12: **Annotations | H12: **Vehicle | I12: **Log Distance | J12: **Log Duration
A13: Driver A | B13: FirstName | C13: LastName | D13: Entire Organization | E13: 43044.837 | F13: D | G13: 0 | H13: Vehicle 1 | I13: 4.0093284 | J13: 0.0084722222
E14: 43044.846 | F14: ON | G14: 0 | H14: Vehicle 1 | I14: 0 | J14: 0.66534722
E15: 43045.511 | F15: D | G15: 0 | H15: Vehicle 1 | I15: 0 | J15: 0.00032407407
E16: 43045.511 | F16: OFF | G16: 0 | H16: Vehicle 1 | I16: 0 | J16: 0.41414352
E17: 43045.926 | F17: D | G17: 0 | H17: Vehicle 1 | I17: 3.9767759 | J17: 0.0091203704
E18: 43045.935 | F18: ON | G18: 0 | H18: Vehicle 1 | I18: 0.035811413 | J18: 0.95743056
E19: 43046.892 | F19: D | G19: 0 | H19: Vehicle 1 | I19: 11.956654 | J19: 0.011747685
E20: 43046.904 | F20: ON | G20: 0 | H20: Vehicle 1 | I20: 0.032644507 | J20: 0.15615741
E21: 43047.072 | F21: ON | G21: 0 | H21: Vehicle 1 | I21: 0 | J21: 6.2697454
E22: 43053.342 | F22: OFF | G22: 0 | H22: Vehicle 1 | I22: 0 | J22: 16.657789
A23: Driver A Total | I23: 20.011214 | J23: 25.150278
A24: Driver B | B24: FirstName | C24: LastName | D24: Entire Organization | E24: 43053.342 | F24: ON | G24: 0 | H24: Vehicle 1 | I24: 0 | J24: 0.00021990741
E25: 43053.342 | F25: OFF | G25: 0 | H25: Vehicle 1 | I25: 0 | J25: 16.267697
E26: 43069.61 | F26: D | G26: 0 | H26: Vehicle 1 | I26: 7.9467397 | J26: 0.011006944
E27: 43069.621 | F27: ON | G27: 0 | H27: Vehicle 1 | I27: 0.0080242055 | J27: 0.058888889
E28: 43069.68 | F28: D | G28: 0 | H28: Vehicle 1 | I28: 4.0308886 | J28: 0.0055555556
E29: 43069.779 | F29: ON | G29: 0 | H29: Vehicle 1 | I29: 0 | J29: 0.22113426
A30: Driver B Total | I30: 11.985652 | J30: 16.564502
A31: Grand Total | I31: 31.996866 | J31: 41.71478

Sheet Report
A1: **Duty Status Logs | C1: =Data!B2 -> 43097.577
A2: =Data!B1 -> ABC Company
A4: **Date | E4: **Edit Log Hyperlink Information | J4: **This report offers hyperlink functionality, which will take you to the log edit screen for any duty status log. To enable this functionality please input your database web address's server information in cell G5 and database name in cell G6 (as seen in example).
A5: **From | B5: =Data!B3 -> 43040 | E5: **Server: | G5: usa112.geotab.com
A6: **To | B6: =Data!B4 -> 43070 | E6: **Database: | G6: ABC_Company
A7: **Days | B7: =B6-B5 -> 29.999988
A9: **Distance Unit | B9: =PROPER(Data!B5) -> Miles
A11: **Driver | B11: **First Name | C11: **Last Name | D11: Device ID | E11: **Driver Group | F11: Driver ID | G11: **Date | H11: **Status | I11: Duty Status ID | J11: **Annotations | K11: **Edit Log | L11: **Device | M11: **Co-drivers | N11: **Trailers | O11: **Shipments | P11: **Longitude | Q11: **Latitude | R11: **Address | S11: ON | T11: D | U11: **Odometer | V11: **Distance | W11: **Duration | X11: **Log Origin | Y11: Verify Date | Z11: Verified | AA11: **Edit Date
A12: =Data!I11 -> Driver A | B12: =Data!G11 -> FirstName | C12: =Data!H11 -> LastName | D12: =Data!D11 -> b1 | E12: =IF(ISBLANK(Data!J11),"",Data!J11) -> Entire Organization | F12: =Data!K11 -> b41B4DC05 | G12: =Data!A11 -> 43044.837 | H12: =Data!B11 -> D | I12: =Data!N11 -> aiZwnVeo8NkqR1G8uJ2mLLQ | J12: =Data!X11 -> 0 | K12: =HYPERLINK("https://"&$G$5&"/"&$G$6&IF(ISNUMBER(SEARCH("/",$G$5)),"","/")&"#hosLog,driver:"&F12&",id:"&I12, $K$11) -> **Edit Log | L12: =Data!C11 -> Vehicle 1 | M12: =Data!O11 -> 0 | N12: =IF(Data!P11=0,"",Data!P11) | O12: =IF(Data!Q11=0,"",Data!Q11) | P12: =Data!T11 -> Longitude | Q12: =Data!U11 -> Latitude | R12: =Data!W11 -> Street Address, City, State Zip, Country | S12: =IF(ISNUMBER(SEARCH("ON",H12)),W12,0) -> 0 | T12: =IF(ISNUMBER(SEARCH("D",H12)),W12,0) -> 0.0084722222 | U12: =Data!R11 -> 89723.031 | V12: =Data!S11 -> 4.0093284 | W12: =IF(A12=A13,G13-G12,IF(Data!$B$4>Data!$B$2,Data!$B$2-G12,Data!$B$4-G12)) -> 0.0084722222 | X12: =IF(Data!Y11=0,"",Data!Y11) -> Unassigned | Y12: =IF(Data!Z11=0,"",Data!Z11) | Z12: =IF(Y12="",FALSE,TRUE) -> FALSE | AA12: =IF(Data!AA11=0,"",Data!AA11) -> 43045.511
A13: =Data!I12 -> Driver A | B13: =Data!G12 -> FirstName | C13: =Data!H12 -> LastName | D13: =Data!D12 -> b1 | E13: =IF(ISBLANK(Data!J12),"",Data!J12) -> Entire Organization | F13: =Data!K12 -> b41B4DC05 | G13: =Data!A12 -> 43044.846 | H13: =Data!B12 -> ON | I13: =Data!N12 -> aKE-Ly-o-30airjvXlI7tpw | J13: =Data!X12 -> 0 | K13: =HYPERLINK("https://"&$G$5&"/"&$G$6&IF(ISNUMBER(SEARCH("/",$G$5)),"","/")&"#hosLog,driver:"&F13&",id:"&I13, $K$11) -> **Edit Log | L13: =Data!C12 -> Vehicle 1 | M13: =Data!O12 -> 0 | N13: =IF(Data!P12=0,"",Data!P12) | O13: =IF(Data!Q12=0,"",Data!Q12) | P13: =Data!T12 -> Longitude | Q13: =Data!U12 -> Latitude | R13: =Data!W12 -> Street Address, City, State Zip, Country | S13: =IF(ISNUMBER(SEARCH("ON",H13)),W13,0) -> 0.66534711 | T13: =IF(ISNUMBER(SEARCH("D",H13)),W13,0) -> 0 | U13: =Data!R12 -> 89727.039 | V13: =Data!S12 -> 0 | W13: =IF(A13=A14,G14-G13,IF(Data!$B$4>Data!$B$2,Data!$B$2-G13,Data!$B$4-G13)) -> 0.66534711 | X13: =IF(Data!Y12=0,"",Data!Y12) -> Unassigned | Y13: =IF(Data!Z12=0,"",Data!Z12) | Z13: =IF(Y13="",FALSE,TRUE) -> FALSE | AA13: =IF(Data!AA12=0,"",Data!AA12) -> 43045.511
A14: =Data!I13 -> Driver A | B14: =Data!G13 -> FirstName | C14: =Data!H13 -> LastName | D14: =Data!D13 -> b1 | E14: =IF(ISBLANK(Data!J13),"",Data!J13) -> Entire Organization | F14: =Data!K13 -> b41B4DC05 | G14: =Data!A13 -> 43045.511 | H14: =Data!B13 -> D | I14: =Data!N13 -> aHvc1n1rddE2TChhSyRPSew | J14: =Data!X13 -> 0 | K14: =HYPERLINK("https://"&$G$5&"/"&$G$6&IF(ISNUMBER(SEARCH("/",$G$5)),"","/")&"#hosLog,driver:"&F14&",id:"&I14, $K$11) -> **Edit Log | L14: =Data!C13 -> Vehicle 1 | M14: =Data!O13 -> 0 | N14: =IF(Data!P13=0,"",Data!P13) | O14: =IF(Data!Q13=0,"",Data!Q13) -> #100293 | P14: =Data!T13 -> Longitude | Q14: =Data!U13 -> Latitude | R14: =Data!W13 -> Street Address, City, State Zip, Country | S14: =IF(ISNUMBER(SEARCH("ON",H14)),W14,0) -> 0 | T14: =IF(ISNUMBER(SEARCH("D",H14)),W14,0) -> 0.0003275463 | U14: =Data!R13 -> 89727.039 | V14: =Data!S13 -> 0 | W14: =IF(A14=A15,G15-G14,IF(Data!$B$4>Data!$B$2,Data!$B$2-G14,Data!$B$4-G14)) -> 0.0003275463 | X14: =IF(Data!Y13=0,"",Data!Y13) -> Manual | Y14: =IF(Data!Z13=0,"",Data!Z13) | Z14: =IF(Y14="",FALSE,TRUE) -> FALSE | AA14: =IF(Data!AA13=0,"",Data!AA13)
A15: =Data!I14 -> Driver A | B15: =Data!G14 -> FirstName | C15: =Data!H14 -> LastName | D15: =Data!D14 -> b1 | E15: =IF(ISBLANK(Data!J14),"",Data!J14) -> Entire Organization | F15: =Data!K14 -> b41B4DC05 | G15: =Data!A14 -> 43045.511 | H15: =Data!B14 -> OFF | I15: =Data!N14 -> aUniR0XjEtkmhrWhTlyD15A | J15: =Data!X14 -> 0 | K15: =HYPERLINK("https://"&$G$5&"/"&$G$6&IF(ISNUMBER(SEARCH("/",$G$5)),"","/")&"#hosLog,driver:"&F15&",id:"&I15, $K$11) -> **Edit Log | L15: =Data!C14 -> Vehicle 1 | M15: =Data!O14 -> 0 | N15: =IF(Data!P14=0,"",Data!P14) | O15: =IF(Data!Q14=0,"",Data!Q14) | P15: =Data!T14 -> Longitude | Q15: =Data!U14 -> Latitude | R15: =Data!W14 -> Street Address, City, State Zip, Country | S15: =IF(ISNUMBER(SEARCH("ON",H15)),W15,0) -> 0 | T15: =IF(ISNUMBER(SEARCH("D",H15)),W15,0) -> 0 | U15: =Data!R14 -> 89727.039 | V15: =Data!S14 -> 0 | W15: =IF(A15=A16,G16-G15,IF(Data!$B$4>Data!$B$2,Data!$B$2-G15,Data!$B$4-G15)) -> 0.41414016 | X15: =IF(Data!Y14=0,"",Data!Y14) -> Manual | Y15: =IF(Data!Z14=0,"",Data!Z14) | Z15: =IF(Y15="",FALSE,TRUE) -> FALSE | AA15: =IF(Data!AA14=0,"",Data!AA14)
A16: =Data!I15 -> Driver A | B16: =Data!G15 -> FirstName | C16: =Data!H15 -> LastName | D16: =Data!D15 -> b1 | E16: =IF(ISBLANK(Data!J15),"",Data!J15) -> Entire Organization | F16: =Data!K15 -> b41B4DC05 | G16: =Data!A15 -> 43045.926 | H16: =Data!B15 -> D | I16: =Data!N15 -> aivdl-UqjCECaS8Ux7BkQhA | J16: =Data!X15 -> 0 | K16: =HYPERLINK("https://"&$G$5&"/"&$G$6&IF(ISNUMBER(SEARCH("/",$G$5)),"","/")&"#hosLog,driver:"&F16&",id:"&I16, $K$11) -> **Edit Log | L16: =Data!C15 -> Vehicle 1 | M16: =Data!O15 -> 0 | N16: =IF(Data!P15=0,"",Data!P15) | O16: =IF(Data!Q15=0,"",Data!Q15) | P16: =Data!T15 -> Longitude | Q16: =Data!U15 -> Latitude | R16: =Data!W15 -> Street Address, City, State Zip, Country | S16: =IF(ISNUMBER(SEARCH("ON",H16)),W16,0) -> 0 | T16: =IF(ISNUMBER(SEARCH("D",H16)),W16,0) -> 0.0091203704 | U16: =Data!R15 -> 89727.039 | V16: =Data!S15 -> 3.9767759 | W16: =IF(A16=A17,G17-G16,IF(Data!$B$4>Data!$B$2,Data!$B$2-G16,Data!$B$4-G16)) -> 0.0091203704 | X16: =IF(Data!Y15=0,"",Data!Y15) -> Automatic | Y16: =IF(Data!Z15=0,"",Data!Z15) | Z16: =IF(Y16="",FALSE,TRUE) -> FALSE | AA16: =IF(Data!AA15=0,"",Data!AA15)
A17: =Data!I16 -> Driver A | B17: =Data!G16 -> FirstName | C17: =Data!H16 -> LastName | D17: =Data!D16 -> b1 | E17: =IF(ISBLANK(Data!J16),"",Data!J16) -> Entire Organization | F17: =Data!K16 -> b41B4DC05 | G17: =Data!A16 -> 43045.935 | H17: =Data!B16 -> ON | I17: =Data!N16 -> aeQfGlpJyVEmQ3_WRTiLYnQ | J17: =Data!X16 -> 0 | K17: =HYPERLINK("https://"&$G$5&"/"&$G$6&IF(ISNUMBER(SEARCH("/",$G$5)),"","/")&"#hosLog,driver:"&F17&",id:"&I17, $K$11) -> **Edit Log | L17: =Data!C16 -> Vehicle 1 | M17: =Data!O16 -> 0 | N17: =IF(Data!P16=0,"",Data!P16) | O17: =IF(Data!Q16=0,"",Data!Q16) | P17: =Data!T16 -> Longitude | Q17: =Data!U16 -> Latitude | R17: =Data!W16 -> Street Address, City, State Zip, Country | S17: =IF(ISNUMBER(SEARCH("ON",H17)),W17,0) -> 0.95743056 | T17: =IF(ISNUMBER(SEARCH("D",H17)),W17,0) -> 0 | U17: =Data!R16 -> 89731.016 | V17: =Data!S16 -> 0.035811413 | W17: =IF(A17=A18,G18-G17,IF(Data!$B$4>Data!$B$2,Data!$B$2-G17,Data!$B$4-G17)) -> 0.95743056 | X17: =IF(Data!Y16=0,"",Data!Y16) -> Automatic | Y17: =IF(Data!Z16=0,"",Data!Z16) | Z17: =IF(Y17="",FALSE,TRUE) -> FALSE | AA17: =IF(Data!AA16=0,"",Data!AA16)
A18: =Data!I17 -> Driver A | B18: =Data!G17 -> FirstName | C18: =Data!H17 -> LastName | D18: =Data!D17 -> b1 | E18: =IF(ISBLANK(Data!J17),"",Data!J17) -> Entire Organization | F18: =Data!K17 -> b41B4DC05 | G18: =Data!A17 -> 43046.892 | H18: =Data!B17 -> D | I18: =Data!N17 -> aFyDrfOySxUSMLZyRte8BIg | J18: =Data!X17 -> 0 | K18: =HYPERLINK("https://"&$G$5&"/"&$G$6&IF(ISNUMBER(SEARCH("/",$G$5)),"","/")&"#hosLog,driver:"&F18&",id:"&I18, $K$11) -> **Edit Log | L18: =Data!C17 -> Vehicle 1 | M18: =Data!O17 -> 0 | N18: =IF(Data!P17=0,"",Data!P17) | O18: =IF(Data!Q17=0,"",Data!Q17) -> Tractor #8 | P18: =Data!T17 -> Longitude | Q18: =Data!U17 -> Latitude | R18: =Data!W17 -> Street Address, City, State Zip, Country | S18: =IF(ISNUMBER(SEARCH("ON",H18)),W18,0) -> 0 | T18: =IF(ISNUMBER(SEARCH("D",H18)),W18,0) -> 0.011747685 | U18: =Data!R17 -> 89731.055 | V18: =Data!S17 -> 11.956654 | W18: =IF(A18=A19,G19-G18,IF(Data!$B$4>Data!$B$2,Data!$B$2-G18,Data!$B$4-G18)) -> 0.011747685 | X18: =IF(Data!Y17=0,"",Data!Y17) -> Automatic | Y18: =IF(Data!Z17=0,"",Data!Z17) | Z18: =IF(Y18="",FALSE,TRUE) -> FALSE | AA18: =IF(Data!AA17=0,"",Data!AA17)
A19: =Data!I18 -> Driver A | B19: =Data!G18 -> FirstName | C19: =Data!H18 -> LastName | D19: =Data!D18 -> b1 | E19: =IF(ISBLANK(Data!J18),"",Data!J18) -> Entire Organization | F19: =Data!K18 -> b41B4DC05 | G19: =Data!A18 -> 43046.904 | H19: =Data!B18 -> ON | I19: =Data!N18 -> aUYKXN0Zq8Ue4hpU5RbVvwQ | J19: =Data!X18 -> 0 | K19: =HYPERLINK("https://"&$G$5&"/"&$G$6&IF(ISNUMBER(SEARCH("/",$G$5)),"","/")&"#hosLog,driver:"&F19&",id:"&I19, $K$11) -> **Edit Log | L19: =Data!C18 -> Vehicle 1 | M19: =Data!O18 -> 0 | N19: =IF(Data!P18=0,"",Data!P18) | O19: =IF(Data!Q18=0,"",Data!Q18) | P19: =Data!T18 -> Longitude | Q19: =Data!U18 -> Latitude | R19: =Data!W18 -> Street Address, City, State Zip, Country | S19: =IF(ISNUMBER(SEARCH("ON",H19)),W19,0) -> 0.15615741 | T19: =IF(ISNUMBER(SEARCH("D",H19)),W19,0) -> 0 | U19: =Data!R18 -> 89743.016 | V19: =Data!S18 -> 0.032644507 | W19: =IF(A19=A20,G20-G19,IF(Data!$B$4>Data!$B$2,Data!$B$2-G19,Data!$B$4-G19)) -> 0.15615741 | X19: =IF(Data!Y18=0,"",Data!Y18) -> Automatic | Y19: =IF(Data!Z18=0,"",Data!Z18) | Z19: =IF(Y19="",FALSE,TRUE) -> FALSE | AA19: =IF(Data!AA18=0,"",Data!AA18)
A20: =Data!I19 -> Driver A | B20: =Data!G19 -> FirstName | C20: =Data!H19 -> LastName | D20: =Data!D19 -> b1 | E20: =IF(ISBLANK(Data!J19),"",Data!J19) -> Entire Organization | F20: =Data!K19 -> b41B4DC05 | G20: =Data!A19 -> 43047.06 | H20: =Data!B19 -> D | I20: =Data!N19 -> aBnW6FD9ZREesgOc-mSoyZQ | J20: =Data!X19 -> 0 | K20: =HYPERLINK("https://"&$G$5&"/"&$G$6&IF(ISNUMBER(SEARCH("/",$G$5)),"","/")&"#hosLog,driver:"&F20&",id:"&I20, $K$11) -> **Edit Log | L20: =Data!C19 -> Vehicle 1 | M20: =Data!O19 -> 0 | N20: =IF(Data!P19=0,"",Data!P19) | O20: =IF(Data!Q19=0,"",Data!Q19) | P20: =Data!T19 -> Longitude | Q20: =Data!U19 -> Latitude | R20: =Data!W19 -> Street Address, City, State Zip, Country | S20: =IF(ISNUMBER(SEARCH("ON",H20)),W20,0) -> 0 | T20: =IF(ISNUMBER(SEARCH("D",H20)),W20,0) -> 0.012430556 | U20: =Data!R19 -> 89743.047 | V20: =Data!S19 -> 5.9946566 | W20: =IF(A20=A21,G21-G20,IF(Data!$B$4>Data!$B$2,Data!$B$2-G20,Data!$B$4-G20)) -> 0.012430556 | X20: =IF(Data!Y19=0,"",Data!Y19) -> Automatic | Y20: =IF(Data!Z19=0,"",Data!Z19) -> 43045.532 | Z20: =IF(Y20="",FALSE,TRUE) -> TRUE | AA20: =IF(Data!AA19=0,"",Data!AA19)
A21: =Data!I20 -> Driver A | B21: =Data!G20 -> FirstName | C21: =Data!H20 -> LastName | D21: =Data!D20 -> b1 | E21: =IF(ISBLANK(Data!J20),"",Data!J20) -> Entire Organization | F21: =Data!K20 -> b41B4DC05 | G21: =Data!A20 -> 43047.072 | H21: =Data!B20 -> ON | I21: =Data!N20 -> aL8gIzepeKESvSuyJh39WrA | J21: =Data!X20 -> 0 | K21: =HYPERLINK("https://"&$G$5&"/"&$G$6&IF(ISNUMBER(SEARCH("/",$G$5)),"","/")&"#hosLog,driver:"&F21&",id:"&I21, $K$11) -> **Edit Log | L21: =Data!C20 -> Vehicle 1 | M21: =Data!O20 -> 0 | N21: =IF(Data!P20=0,"",Data!P20) | O21: =IF(Data!Q20=0,"",Data!Q20) | P21: =Data!T20 -> Longitude | Q21: =Data!U20 -> Latitude | R21: =Data!W20 -> Street Address, City, State Zip, Country | S21: =IF(ISNUMBER(SEARCH("ON",H21)),W21,0) -> 6.2697466 | T21: =IF(ISNUMBER(SEARCH("D",H21)),W21,0) -> 0 | U21: =Data!R20 -> 89749.039 | V21: =Data!S20 -> 0 | W21: =IF(A21=A22,G22-G21,IF(Data!$B$4>Data!$B$2,Data!$B$2-G21,Data!$B$4-G21)) -> 6.2697466 | X21: =IF(Data!Y20=0,"",Data!Y20) -> Automatic | Y21: =IF(Data!Z20=0,"",Data!Z20) | Z21: =IF(Y21="",FALSE,TRUE) -> FALSE | AA21: =IF(Data!AA20=0,"",Data!AA20)
A22: =Data!I21 -> Driver A | B22: =Data!G21 -> FirstName | C22: =Data!H21 -> LastName | D22: =Data!D21 -> b1 | E22: =IF(ISBLANK(Data!J21),"",Data!J21) -> Entire Organization | F22: =Data!K21 -> b41B4DC05 | G22: =Data!A21 -> 43053.342 | H22: =Data!B21 -> OFF | I22: =Data!N21 -> a8p35cUCu6UiTrxHPAXDjnA | J22: =Data!X21 -> 0 | K22: =HYPERLINK("https://"&$G$5&"/"&$G$6&IF(ISNUMBER(SEARCH("/",$G$5)),"","/")&"#hosLog,driver:"&F22&",id:"&I22, $K$11) -> **Edit Log | L22: =Data!C21 -> Vehicle 1 | M22: =Data!O21 -> 0 | N22: =IF(Data!P21=0,"",Data!P21) | O22: =IF(Data!Q21=0,"",Data!Q21) | P22: =Data!T21 -> Longitude | Q22: =Data!U21 -> Latitude | R22: =Data!W21 -> Street Address, City, State Zip, Country | S22: =IF(ISNUMBER(SEARCH("ON",H22)),W22,0) -> 0 | T22: =IF(ISNUMBER(SEARCH("D",H22)),W22,0) -> 0 | U22: =Data!R21 -> 0 | V22: =Data!S21 -> 0 | W22: =IF(A22=A23,G23-G22,IF(Data!$B$4>Data!$B$2,Data!$B$2-G22,Data!$B$4-G22)) -> 16.657788 | X22: =IF(Data!Y21=0,"",Data!Y21) -> Manual | Y22: =IF(Data!Z21=0,"",Data!Z21) | Z22: =IF(Y22="",FALSE,TRUE) -> FALSE | AA22: =IF(Data!AA21=0,"",Data!AA21)
A23: =Data!I22 -> Driver B | B23: =Data!G22 -> FirstName | C23: =Data!H22 -> LastName | D23: =Data!D22 -> b1 | E23: =IF(ISBLANK(Data!J22),"",Data!J22) -> Entire Organization | F23: =Data!K22 -> b41B4DC05 | G23: =Data!A22 -> 43053.342 | H23: =Data!B22 -> ON | I23: =Data!N22 -> aGdlhzbQZfkSx_w2BSUto9g | J23: =Data!X22 -> 0 | K23: =HYPERLINK("https://"&$G$5&"/"&$G$6&IF(ISNUMBER(SEARCH("/",$G$5)),"","/")&"#hosLog,driver:"&F23&",id:"&I23, $K$11) -> **Edit Log | L23: =Data!C22 -> Vehicle 1 | M23: =Data!O22 -> 0 | N23: =IF(Data!P22=0,"",Data!P22) | O23: =IF(Data!Q22=0,"",Data!Q22) | P23: =Data!T22 -> Longitude | Q23: =Data!U22 -> Latitude | R23: =Data!W22 -> Street Address, City, State Zip, Country | S23: =IF(ISNUMBER(SEARCH("ON",H23)),W23,0) -> 0.0002164005 | T23: =IF(ISNUMBER(SEARCH("D",H23)),W23,0) -> 0 | U23: =Data!R22 -> 0 | V23: =Data!S22 -> 0 | W23: =IF(A23=A24,G24-G23,IF(Data!$B$4>Data!$B$2,Data!$B$2-G23,Data!$B$4-G23)) -> 0.0002164005 | X23: =IF(Data!Y22=0,"",Data!Y22) -> Manual | Y23: =IF(Data!Z22=0,"",Data!Z22) | Z23: =IF(Y23="",FALSE,TRUE) -> FALSE | AA23: =IF(Data!AA22=0,"",Data!AA22)
... A32: =Data!I31 -> Driver B | B32: =Data!G31 -> FirstName | C32: =Data!H31 -> LastName | D32: =Data!D31 -> b1 | E32: =IF(ISBLANK(Data!J31),"",Data!J31) -> Entire Organization | F32: =Data!K31 -> b41B4DC05 | G32: =Data!A31 -> 43069.779 | H32: =Data!B31 -> ON | I32: =Data!N31 -> a4Yaf7RoU2k2l70wJ751s0g | J32: =Data!X31 -> 0 | K32: =HYPERLINK("https://"&$G$5&"/"&$G$6&IF(ISNUMBER(SEARCH("/",$G$5)),"","/")&"#hosLog,driver:"&F32&",id:"&I32, $K$11) -> **Edit Log | L32: =Data!C31 -> Vehicle 1 | M32: =Data!O31 -> 0 | N32: =IF(Data!P31=0,"",Data!P31) | O32: =IF(Data!Q31=0,"",Data!Q31) | P32: =Data!T31 -> Longitude | Q32: =Data!U31 -> Latitude | R32: =Data!W31 -> Street Address, City, State Zip, Country | S32: =IF(ISNUMBER(SEARCH("ON",H32)),W32,0) -> 0.22113426 | T32: =IF(ISNUMBER(SEARCH("D",H32)),W32,0) -> 0 | U32: =Data!R31 -> 90309.047 | V32: =Data!S31 -> 0 | W32: =IF(A32=A33,G33-G32,IF(Data!$B$4>Data!$B$2,Data!$B$2-G32,Data!$B$4-G32)) -> 0.22113426 | X32: =IF(Data!Y31=0,"",Data!Y31) -> Automatic | Y32: =IF(Data!Z31=0,"",Data!Z31) | Z32: =IF(Y32="",FALSE,TRUE) -> FALSE | AA32: =IF(Data!AA31=0,"",Data!AA31)

Sheet Data
A1: CompanyName | B1: ABC Company
A2: RunDate | B2: 43097.577
A3: FromDate | B3: 43040
A4: ToDate | B4: 43070
A5: DistanceUnit | B5: miles
A6: SpeedUnit | B6: mph
A7: SendReport | B7: TRUE
A8: LastModifiedUser | B8: mygproduct@geotab.com
A9: Language | B9: en
A10: DutyStatusDateTime | B10: DutyStatusStatus | C10: .StatusLog.Device.DeviceName | D10: .StatusLog.Device.DeviceId | E10: .StatusLog.Device.DeviceComment | F10: .StatusLog.Device.DeviceGroup | G10: .StatusLog.Driver.UserFirstName | H10: .StatusLog.Driver.UserLastName | I10: .StatusLog.Driver.UserName | J10: .StatusLog.Driver.DriverGroup | K10: .StatusLog.Driver.UserId | L10: StatusLog.UserId | M10: UserId | N10: DutyStatusId | O10: DutyStatusCoDrivers | P10: DutyStatusDetailTrailers | Q10: DutyStatusDetailShipments | R10: DutyStatusDetailOdometer | S10: DutyStatusDetailDistance | T10: DutyStatusDetailLongitude | U10: DutyStatusDetailLatitude | V10: DutyStatusDetailHosRuleSet | W10: DutyStatusLocation | X10: DutyStatusDetailAnnotations | Y10: DutyStatusOrigin | Z10: DutyStatusVerifyDateTime | AA10: DutyStatusEditDateTime | AB10: DutyStatusParentId | AC10: DutyStatusState | AD10: DutyStatusVersion | AE10: DutyStatusSequence
A11: 43044.837 | B11: D | C11: Vehicle 1 | D11: b1 | G11: FirstName | H11: LastName | I11: Driver A | J11: Entire Organization | K11: b41B4DC05 | N11: aiZwnVeo8NkqR1G8uJ2mLLQ | R11: 89723.031 | S11: 4.0093284 | T11: Longitude | U11: Latitude | V11: OilTransport7DayBig | W11: Street Address, City, State Zip, Country | Y11: Unassigned | AA11: 43045.511 | AC11: Active | AD11: 361386 | AE11: 02B5
A12: 43044.846 | B12: ON | C12: Vehicle 1 | D12: b1 | G12: FirstName | H12: LastName | I12: Driver A | J12: Entire Organization | K12: b41B4DC05 | N12: aKE-Ly-o-30airjvXlI7tpw | R12: 89727.039 | S12: 0 | T12: Longitude | U12: Latitude | V12: OilTransport7DayBig | W12: Street Address, City, State Zip, Country | Y12: Unassigned | AA12: 43045.511 | AC12: Active | AD12: 361390 | AE12: 02B9
A13: 43045.511 | B13: D | C13: Vehicle 1 | D13: b1 | G13: FirstName | H13: LastName | I13: Driver A | J13: Entire Organization | K13: b41B4DC05 | N13: aHvc1n1rddE2TChhSyRPSew | Q13: #100293 | R13: 89727.039 | S13: 0 | T13: Longitude | U13: Latitude | V13: OilTransport7DayBig | W13: Street Address, City, State Zip, Country | Y13: Manual | AC13: Active | AD13: 361391 | AE13: 02BA
A14: 43045.511 | B14: OFF | C14: Vehicle 1 | D14: b1 | G14: FirstName | H14: LastName | I14: Driver A | J14: Entire Organization | K14: b41B4DC05 | N14: aUniR0XjEtkmhrWhTlyD15A | R14: 89727.039 | S14: 0 | T14: Longitude | U14: Latitude | V14: OilTransport7DayBig | W14: Street Address, City, State Zip, Country | Y14: Manual | AC14: Active | AD14: 361392 | AE14: 02BB
A15: 43045.926 | B15: D | C15: Vehicle 1 | D15: b1 | G15: FirstName | H15: LastName | I15: Driver A | J15: Entire Organization | K15: b41B4DC05 | N15: aivdl-UqjCECaS8Ux7BkQhA | R15: 89727.039 | S15: 3.9767759 | T15: Longitude | U15: Latitude | V15: OilTransport7DayBig | W15: Street Address, City, State Zip, Country | Y15: Automatic | AC15: Active | AD15: 361399 | AE15: 02BD
A16: 43045.935 | B16: ON | C16: Vehicle 1 | D16: b1 | G16: FirstName | H16: LastName | I16: Driver A | J16: Entire Organization | K16: b41B4DC05 | N16: aeQfGlpJyVEmQ3_WRTiLYnQ | R16: 89731.016 | S16: 0.035811413 | T16: Longitude | U16: Latitude | V16: OilTransport7DayBig | W16: Street Address, City, State Zip, Country | Y16: Automatic | AC16: Active | AD16: 361401 | AE16: 02BF
A17: 43046.892 | B17: D | C17: Vehicle 1 | D17: b1 | G17: FirstName | H17: LastName | I17: Driver A | J17: Entire Organization | K17: b41B4DC05 | N17: aFyDrfOySxUSMLZyRte8BIg | Q17: Tractor #8 | R17: 89731.055 | S17: 11.956654 | T17: Longitude | U17: Latitude | V17: OilTransport7DayBig | W17: Street Address, City, State Zip, Country | Y17: Automatic | AC17: Active | AD17: 361433 | AE17: 02C1
A18: 43046.904 | B18: ON | C18: Vehicle 1 | D18: b1 | G18: FirstName | H18: LastName | I18: Driver A | J18: Entire Organization | K18: b41B4DC05 | N18: aUYKXN0Zq8Ue4hpU5RbVvwQ | R18: 89743.016 | S18: 0.032644507 | T18: Longitude | U18: Latitude | V18: OilTransport7DayBig | W18: Street Address, City, State Zip, Country | Y18: Automatic | AC18: Active | AD18: 361435 | AE18: 02C3
A19: 43047.06 | B19: D | C19: Vehicle 1 | D19: b1 | G19: FirstName | H19: LastName | I19: Driver A | J19: Entire Organization | K19: b41B4DC05 | N19: aBnW6FD9ZREesgOc-mSoyZQ | R19: 89743.047 | S19: 5.9946566 | T19: Longitude | U19: Latitude | V19: OilTransport7DayBig | W19: Street Address, City, State Zip, Country | Y19: Automatic | Z19: 43045.532 | AC19: Active | AD19: 361437 | AE19: 02C5
A20: 43047.072 | B20: ON | C20: Vehicle 1 | D20: b1 | G20: FirstName | H20: LastName | I20: Driver A | J20: Entire Organization | K20: b41B4DC05 | N20: aL8gIzepeKESvSuyJh39WrA | R20: 89749.039 | T20: Longitude | U20: Latitude | V20: OilTransport7DayBig | W20: Street Address, City, State Zip, Country | Y20: Automatic | AC20: Active | AD20: 361439 | AE20: 02C7
A21: 43053.342 | B21: OFF | C21: Vehicle 1 | D21: b1 | G21: FirstName | H21: LastName | I21: Driver A | J21: Entire Organization | K21: b41B4DC05 | N21: a8p35cUCu6UiTrxHPAXDjnA | R21: 0 | S21: 0 | T21: Longitude | U21: Latitude | V21: OilTransport7DayBig | W21: Street Address, City, State Zip, Country | Y21: Manual | AC21: Active | AD21: 361645 | AE21: 0028
A22: 43053.342 | B22: ON | C22: Vehicle 1 | D22: b1 | G22: FirstName | H22: LastName | I22: Driver B | J22: Entire Organization | K22: b41B4DC05 | N22: aGdlhzbQZfkSx_w2BSUto9g | R22: 0 | S22: 0 | T22: Longitude | U22: Latitude | V22: OilTransport7DayBig | W22: Street Address, City, State Zip, Country | Y22: Manual | AC22: Active | AD22: 361646 | AE22: 0029
A23: 43053.343 | B23: OFF | C23: Vehicle 1 | D23: b1 | G23: FirstName | H23: LastName | I23: Driver B | J23: Entire Organization | K23: b41B4DC05 | N23: am8tMPQe3S0WdrmtOuByd5Q | R23: 0 | T23: Longitude | U23: Latitude | V23: OilTransport7DayBig | W23: Street Address, City, State Zip, Country | Y23: Manual | AC23: Active | AD23: 361647 | AE23: 002A
A24: 43069.61 | B24: D | C24: Vehicle 1 | D24: b1 | G24: FirstName | H24: LastName | I24: Driver B | J24: Entire Organization | K24: b41B4DC05 | N24: aXFu-jhsYnESM6pJECk0nLw | R24: 90285.039 | S24: 7.9467397 | T24: Longitude | U24: Latitude | V24: OilTransport7DayBig | W24: Street Address, City, State Zip, Country | Y24: Automatic | AC24: Active | AD24: 362268 | AE24: 0430
A25: 43069.621 | B25: ON | C25: Vehicle 1 | D25: b1 | G25: FirstName | H25: LastName | I25: Driver B | J25: Entire Organization | K25: b41B4DC05 | N25: aU_pW7fo52kqAZjLRIMgD5g | R25: 90292.984 | S25: 0.0080242055 | T25: Longitude | U25: Latitude | V25: OilTransport7DayBig | W25: Street Address, City, State Zip, Country | Y25: Automatic | AC25: Active | AD25: 362270 | AE25: 0432
A26: 43069.68 | B26: D | C26: Vehicle 1 | D26: b1 | G26: FirstName | H26: LastName | I26: Driver B | J26: Entire Organization | K26: b41B4DC05 | N26: amJc_F8MS1keTk-C7KYDPxA | R26: 90292.992 | S26: 4.0308886 | T26: Longitude | U26: Latitude | V26: OilTransport7DayBig | W26: Street Address, City, State Zip, Country | Y26: Automatic | AC26: Active | AD26: 362271 | AE26: 0433
A27: 43069.686 | B27: ON | C27: Vehicle 1 | D27: b1 | G27: FirstName | H27: LastName | I27: Driver B | J27: Entire Organization | K27: b41B4DC05 | N27: aOwmsUhS-IkqmS8aHMZ1YEQ | R27: 90297.023 | S27: 0.042117558 | T27: Longitude | U27: Latitude | V27: OilTransport7DayBig | W27: Street Address, City, State Zip, Country | Y27: Automatic | Z27: 43045.566 | AC27: Active | AD27: 362274 | AE27: 0436
A28: 43069.755 | B28: D | C28: Vehicle 1 | D28: b1 | G28: FirstName | H28: LastName | I28: Driver B | J28: Entire Organization | K28: b41B4DC05 | N28: aM_5b7Vv4Jk-3uvk1w0mOeQ | R28: 90297.07 | S28: 5.9230461 | T28: Longitude | U28: Latitude | V28: OilTransport7DayBig | W28: Street Address, City, State Zip, Country | Y28: Automatic | Z28: 43045.566 | AC28: Active | AD28: 362282 | AE28: 0438
A29: 43069.763 | B29: ON | C29: Vehicle 1 | D29: b1 | G29: FirstName | H29: LastName | I29: Driver B | J29: Entire Organization | K29: b41B4DC05 | N29: aWgfgzlPFKk-ehudTRd-ohA | R29: 90302.992 | S29: 0.03744654 | T29: Longitude | U29: Latitude | V29: OilTransport7DayBig | W29: Street Address, City, State Zip, Country | Y29: Automatic | Z29: 43045.566 | AC29: Active | AD29: 362284 | AE29: 043A
A30: 43069.772 | B30: D | C30: Vehicle 1 | D30: b1 | G30: FirstName | H30: LastName | I30: Driver B | J30: Entire Organization | K30: b41B4DC05 | N30: aFqpw7rw7xUmw6XoY7xuYDg | Q30: New Equipment | R30: 90303.031 | S30: 6.019011 | T30: Longitude | U30: Latitude | V30: OilTransport7DayBig | W30: Street Address, City, State Zip, Country | Y30: Automatic | Z30: 43045.566 | AC30: Active | AD30: 362286 | AE30: 043C
A31: 43069.779 | B31: ON | C31: Vehicle 1 | D31: b1 | G31: FirstName | H31: LastName | I31: Driver B | J31: Entire Organization | K31: b41B4DC05 | N31: a4Yaf7RoU2k2l70wJ751s0g | R31: 90309.047 | T31: Longitude | U31: Latitude | V31: OilTransport7DayBig | W31: Street Address, City, State Zip, Country | Y31: Automatic | AC31: Active | AD31: 362288 | AE31: 043E

Sheet Languages
A1: English | B1: French | C1: Spanish | D1: German | E1: Japanese | F1: Polish | G1: Portuguese-Brazil | H1: Dutch | I1: Italian
A2: **Driver | B2: Conducteur | C2: Conductor | D2: Fahrer | E2: ドライバー | F2: Kierowca | G2: Motorista | H2: Chauffeur | I2: Conducente
A3: **Date | B3: Date | C3: Fecha | D3: Datum | E3: データ | F3: Data | G3: Data | H3: Datum | I3: Data
A4: **Status | B4: État | C4: Estado | D4: Status | E4: ステータス | F4: Status | G4: Status | H4: Status | I4: Stato
A5: **Device | B5: Dispositif | C5: Dispositivo | D5: Gerät | E5: デバイス | F5: Urzadzenie | G5: Dispositivo | H5: Apparaat | I5: Dispositivo
A6: **Co-drivers | B6: Co-chauffeurs | C6: Copiloto | D6: Beifahrer | E6: 補助ドライバー | F6: Wspólkierowcy | G6: Comotoristas | H6: Tweede chauffeurs | I6: Secondi conducenti
A7: **Trailers | B7: Gros porteurs | C7: Remolques | D7: Anhänger | E7: トレーラー | F7: Przyczepy | G7: Reboques | H7: Aanhangers | I7: Rimorchi
A8: **Longitude | B8: Longitude | C8: Longitud | D8: Längengrad | E8: 経度 | F8: Dlugosc geograficzna | G8: Longitude | H8: Lengtegraad | I8: Longitudine
A9: **Latitude | B9: Latitude | C9: Latitud | D9: Breitengrad | E9: 緯度 | F9: Szerokosc geograficzna | G9: Latitude | H9: Breedtegraad | I9: Latitudine
A10: **Address | B10: Adresse | C10: Dirección | D10: Adresse | E10: 住所 | F10: Adres | G10: Endereço | H10: Adres | I10: Indirizzo
A11: **Odometer | B11: Odomètre | C11: Odómetro | D11: Kilometerstand | E11: オドメータ | F11: Licznik kilometrów | G11: Velocímetro | H11: Kilometerteller | I11: Contachilometri
A12: **Distance | B12: Distance | C12: Distancia | D12: Entfernung | E12: 距離 | F12: Odleglosc | G12: Distância | H12: Afstand | I12: Distanza
... A23: **Log Origin | B23: Origine du Journal | C23: Origen del Registro | D23: Protokollherkunft | E23: ログの起源 | F23: Powstanie dziennika | G23: Origem do registro | H23: Oorsprong logboek | I23: Origine del registro
A24: **Vehicle
A25: **This report offers hyperlink functionality, which will take you to the log edit screen for any duty status log. To enable this functionality please input your database web address's server information in cell G5 and database name in cell G6 (as seen in example).
A26: **Date
A27: **Days
A28: **Distance Unit
A29: **Edit Log Hyperlink Information
A30: **Server:
A31: **Database:
A32: **Log Distance
A33: **Log Duration
A34: **Driver Group
A35: **Annotations
A36: **Edit Log
