Workbook
Name AllData: Report!$A$9:$I$44

Sheet Summary
A1: **ELD Driver Violations Alert | E1: =Data!B2 -> 43998.333
A2: =Data!B1 -> Fleet Name
A4: **Date | E4: **Drivers in Violation | F4: =Report!G4 -> 2 | H4: **Report Description This e-mailed report send an alert (in 30 minutes or less) every time a Driver drives in violation of their Hours of Service limits.
A5: **From | B5: =Data!B3 -> 42746
A6: **To | B6: =Data!B4 -> 42747
A7: **Hours | B7: =B6-B5 -> 0.99998843
A9: **Driver | B9: **Time and Date | C9: **Check | D9: **Type | E9: **Reason
A10: driver2 | B10: 43998.549 | C10: 1 | D10: Rest | E10: Driving after more than 8 hour rest limit
A11: driver3 | B11: 43998.765 | C11: 1 | D11: Workday | E11: Maximum 14 hour work day limit violation

Sheet Report
A1: **ELD Driver Violations Alert | C1: =Data!B2 -> 43998.333
A2: =Data!B1 -> Fleet Name
A4: **Date | F4: **Drivers in Violation | G4: =COUNTIF(H:H, 1) -> 2
A5: **From | B5: =Data!B3 -> 42746
A6: **To | B6: =Data!B4 -> 42747
A7: **Hours | B7: =B6-B5 -> 0.99998843
H8: **Violation
A9: **Driver | B9: **First Name | C9: **Last Name | D9: **Time and Date | E9: **End Date | F9: **Driving Duration | G9: **Type | H9: **Check | I9: **Reason
A10: =Data!A11 -> driver1 | B10: =Data!B11 -> first1 | C10: =IF(Data!C11<>0,Data!C11,"") -> last1 | D10: =Data!D11 -> 42721.174 | E10: =IF(Data!E11=0, "Ongoing",Data!E11) -> Ongoing | F10: =Data!F11 -> 25.250551 | G10: =Data!G11 -> Driving | H10: =IF(Data!$B$2-D10<0.02083, 1, 0) -> 0 | I10: =Data!H11 -> Maximum 11 hour driving limit violation
A11: =Data!A12 -> driver2 | B11: =Data!B12 -> first2 | C11: =IF(Data!C12<>0,Data!C12,"") -> last2 | D11: =Data!D12 -> 43998.549 | E11: =IF(Data!E12=0, "Ongoing",Data!E12) -> Ongoing | F11: =Data!F12 -> 25.375551 | G11: =Data!G12 -> Rest | H11: =IF(Data!$B$2-D11<0.02083, 1, 0) -> 1 | I11: =Data!H12 -> Driving after more than 8 hour rest limit
A12: =Data!A13 -> driver3 | B12: =Data!B13 -> first3 | C12: =IF(Data!C13<>0,Data!C13,"") -> last3 | D12: =Data!D13 -> 43998.765 | E12: =IF(Data!E13=0, "Ongoing",Data!E13) -> Ongoing | F12: =Data!F13 -> 25.042217 | G12: =Data!G13 -> Workday | H12: =IF(Data!$B$2-D12<0.02083, 1, 0) -> 1 | I12: =Data!H13 -> Maximum 14 hour work day limit violation
A13: =Data!A14 -> driver4 | B13: =Data!B14 -> first4 | C13: =IF(Data!C14<>0,Data!C14,"") -> last4 | D13: =Data!D14 -> 42746.424 | E13: =IF(Data!E14=0, "Ongoing",Data!E14) -> Ongoing | F13: =Data!F14 -> 0 | G13: =Data!G14 -> Cycle | H13: =IF(Data!$B$2-D13<0.02083, 1, 0) -> 0 | I13: =Data!H14 -> Maximum 60hr on duty in 7 days
A14: =Data!A15 -> driver5 | B14: =Data!B15 -> first5 | C14: =IF(Data!C15<>0,Data!C15,"") -> last5 | D14: =Data!D15 -> 42737.483 | E14: =IF(Data!E15=0, "Ongoing",Data!E15) -> Ongoing | F14: =Data!F15 -> 0.14492272 | G14: =Data!G15 -> Rest | H14: =IF(Data!$B$2-D14<0.02083, 1, 0) -> 0 | I14: =Data!H15 -> Driving after more than 8 hour rest limit
A15: =Data!A16 -> driver6 | B15: =Data!B16 -> first6 | C15: =IF(Data!C16<>0,Data!C16,"") -> last6 | D15: =Data!D16 -> 42737.559 | E15: =IF(Data!E16=0, "Ongoing",Data!E16) -> Ongoing | F15: =Data!F16 -> 0.14345428 | G15: =Data!G16 -> Workday | H15: =IF(Data!$B$2-D15<0.02083, 1, 0) -> 0 | I15: =Data!H16 -> Maximum 14 hour work day limit violation
A16: =Data!A17 -> driver7 | B16: =Data!B17 -> first7 | C16: =IF(Data!C17<>0,Data!C17,"") -> last7 | D16: =Data!D17 -> 42737.58 | E16: =IF(Data!E17=0, "Ongoing",Data!E17) -> Ongoing | F16: =Data!F17 -> 0.013596609 | G16: =Data!G17 -> Rest | H16: =IF(Data!$B$2-D16<0.02083, 1, 0) -> 0 | I16: =Data!H17 -> Driving after more than 8 hour rest limit
A17: =Data!A18 -> driver8 | B17: =Data!B18 -> first8 | C17: =IF(Data!C18<>0,Data!C18,"") -> last8 | D17: =Data!D18 -> 42737.58 | E17: =IF(Data!E18=0, "Ongoing",Data!E18) -> Ongoing | F17: =Data!F18 -> 0.013596609 | G17: =Data!G18 -> Workday | H17: =IF(Data!$B$2-D17<0.02083, 1, 0) -> 0 | I17: =Data!H18 -> Maximum 14 hour work day limit violation
A18: =Data!A19 -> driver9 | B18: =Data!B19 -> first9 | C18: =IF(Data!C19<>0,Data!C19,"") -> last9 | D18: =Data!D19 -> 43928.765 | E18: =IF(Data!E19=0, "Ongoing",Data!E19) -> Ongoing | F18: =Data!F19 -> 0.013596609 | G18: =Data!G19 -> Cycle | H18: =IF(Data!$B$2-D18<0.02083, 1, 0) -> 0 | I18: =Data!H19 -> Maximum 60hr on duty in 7 days
A19: =Data!A20 -> driver10 | B19: =Data!B20 -> first10 | C19: =IF(Data!C20<>0,Data!C20,"") -> last10 | D19: =Data!D20 -> 43928.765 | E19: =IF(Data!E20=0, "Ongoing",Data!E20) -> Ongoing | F19: =Data!F20 -> 0.46166058 | G19: =Data!G20 -> Rest | H19: =IF(Data!$B$2-D19<0.02083, 1, 0) -> 0 | I19: =Data!H20 -> Driving after more than 8 hour rest limit
A20: =Data!A21 -> driver11 | B20: =Data!B21 -> first11 | C20: =IF(Data!C21<>0,Data!C21,"") -> last11 | D20: =Data!D21 -> 43928.765 | E20: =IF(Data!E21=0, "Ongoing",Data!E21) -> Ongoing | F20: =Data!F21 -> 0.46166058 | G20: =Data!G21 -> Workday | H20: =IF(Data!$B$2-D20<0.02083, 1, 0) -> 0 | I20: =Data!H21 -> Maximum 14 hour work day limit violation
A21: =Data!A22 -> driver12 | B21: =Data!B22 -> first12 | C21: =IF(Data!C22<>0,Data!C22,"") -> last12 | D21: =Data!D22 -> 42731.509 | E21: =IF(Data!E22=0, "Ongoing",Data!E22) -> Ongoing | F21: =Data!F22 -> 0.40586563 | G21: =Data!G22 -> Cycle | H21: =IF(Data!$B$2-D21<0.02083, 1, 0) -> 0 | I21: =Data!H22 -> Maximum 60hr on duty in 7 days
... A44: =Data!A45 -> driver35 | B44: =Data!B45 -> first35 | C44: =IF(Data!C45<>0,Data!C45,"") -> last35 | D44: =Data!D45 -> 43928.765 | E44: =IF(Data!E45=0, "Ongoing",Data!E45) -> Ongoing | F44: =Data!F45 -> 0 | G44: =Data!G45 -> Cycle | H44: =IF(Data!$B$2-D44<0.02083, 1, 0) -> 0 | I44: =Data!H45 -> Maximum 70hr on duty in 8 days

Sheet Data
A1: CompanyName | B1: Fleet Name
A2: RunDate | B2: 43998.333
A3: FromDate | B3: 42746
A4: ToDate | B4: 42747
A5: DistanceUnit | B5: km
A6: SpeedUnit | B6: km/h
A7: SendReport | B7: =IF(COUNTIFS(Report!H:H,1)>0,TRUE,FALSE) -> TRUE
A8: LastModifiedUser | B8: **<no user>
A9: Language | B9: en
A10: .Driver.UserName | B10: .Driver.UserFirstName | C10: .Driver.UserLastName | D10: HosViolationStartDateTime | E10: HosViolationEndDateTime | F10: HosViolationDrivingDuration | G10: HosViolationType | H10: HosViolationReason
A11: driver1 | B11: first1 | C11: last1 | D11: 42721.174 | F11: 25.250551 | G11: Driving | H11: Maximum 11 hour driving limit violation
A12: driver2 | B12: first2 | C12: last2 | D12: 43998.549 | F12: 25.375551 | G12: Rest | H12: Driving after more than 8 hour rest limit
A13: driver3 | B13: first3 | C13: last3 | D13: 43998.765 | F13: 25.042217 | G13: Workday | H13: Maximum 14 hour work day limit violation
A14: driver4 | B14: first4 | C14: last4 | D14: 42746.424 | F14: 0 | G14: Cycle | H14: Maximum 60hr on duty in 7 days
A15: driver5 | B15: first5 | C15: last5 | D15: 42737.483 | F15: 0.14492272 | G15: Rest | H15: Driving after more than 8 hour rest limit
A16: driver6 | B16: first6 | C16: last6 | D16: 42737.559 | F16: 0.14345428 | G16: Workday | H16: Maximum 14 hour work day limit violation
A17: driver7 | B17: first7 | C17: last7 | D17: 42737.58 | F17: 0.013596609 | G17: Rest | H17: Driving after more than 8 hour rest limit
A18: driver8 | B18: first8 | C18: last8 | D18: 42737.58 | F18: 0.013596609 | G18: Workday | H18: Maximum 14 hour work day limit violation
A19: driver9 | B19: first9 | C19: last9 | D19: 43928.765 | F19: 0.013596609 | G19: Cycle | H19: Maximum 60hr on duty in 7 days
A20: driver10 | B20: first10 | C20: last10 | D20: 43928.765 | F20: 0.46166058 | G20: Rest | H20: Driving after more than 8 hour rest limit
A21: driver11 | B21: first11 | C21: last11 | D21: 43928.765 | F21: 0.46166058 | G21: Workday | H21: Maximum 14 hour work day limit violation
A22: driver12 | B22: first12 | C22: last12 | D22: 42731.509 | F22: 0.40586563 | G22: Cycle | H22: Maximum 60hr on duty in 7 days
... A45: driver35 | B45: first35 | C45: last35 | D45: 43928.765 | F45: 0 | G45: Cycle | H45: Maximum 70hr on duty in 8 days

Sheet Setup

Sheet Languages
A1: English | B1: French | C1: Spanish | D1: German | E1: Japanese
A2: **Driver | B2: Conducteur | C2: Conductor | D2: Fahrer | E2: ドライバー
A3: **Start Date | B3: Date de début | C3: Fecha de inicio | D3: Startdatum | E3: 開始日
A4: **End Date | B4: Date de fin | C4: Fecha de finalización | D4: Enddatum | E4: 終了日
A5: **Driving Duration | B5: Durée de conduite | C5: Duración de conducción | D5: Fahrtendauer | E5: 運転期間
A6: **Type | B6: Type | C6: Tipo | D6: Typ | E6: 種類
A7: **Reason | B7: Raison | C7: Motivo | D7: Grund | E7: 理由
A8: **HOS Driver Logs | B8: Registre HDS du chauffeur | C8: Registros de horas de servicio del conductor | D8: Fahrerlenkzeit (HOS) Protokolle | E8: HOS ドライバーログ
A9: **Summary | B9: Sommaire | C9: Resumen | D9: Zusammenfassung | E9: 走行データ
A10: **Created | B10: Créé | C10: Creado | D10: Angelegt | E10: 作成済
A11: **From | B11: À partir de | C11: De | D11: Von | E11: から
A12: **To | B12: Pour | C12: Para | D12: An | E12: へ
... A14: **Last Name | B14: Nom de famille | C14: Apellido | D14: Nachname | E14: ラストネーム
A15: **Check
A16: **Send Email?
A17: **Date
A18: **Time and Date
A19: **ELD Driver Violations Alert
A20: **Drivers in Violation
A21: **Hours
A22: **Report Description This e-mailed report send an alert (in 30 minutes or less) every time a Driver drives in violation of their Hours of Service limits.
