Workbook
Name AllData: Report!$A$7:$M$64

Sheet Data
A1: CompanyName | B1: Geotab Inc.
A2: RunDate | B2: 43172.538
A3: DistanceUnit | B3: miles
A4: SpeedUnit | B4: mph
A5: SendReport | B5: TRUE
A6: LastModifiedUser | B6: benschwartz@geotab.com
A7: Language | B7: en
A8: .Driver.UserName | B8: .Driver.UserId | C8: .Driver.UserFirstName | D8: .Driver.UserLastName | E8: DutyStatusStatus | F8: UserHosRuleSet | G8: HosAvailabilityRest | H8: HosAvailabilityDriving | I8: HosAvailabilityDuty | J8: HosAvailabilityWorkday | K8: HosAvailabilityCycle
A9: Driver 1 | B9: b3B | C9: First Name | D9: Last Name | E9: OFF | F9: None | G9: 0 | H9: 0 | I9: 0 | J9: 0 | K9: 0
A10: Driver 2 | B10: b3B | C10: First Name | D10: Last Name | E10: OFF | F10: America7DayBig | G10: 0.33333333 | H10: 0.45833333 | I10: 0 | J10: 0.58333333 | K10: 2.5
A11: Driver 3 | B11: b3B | C11: First Name | D11: Last Name | E11: OFF | F11: America8Day | G11: 0.33333333 | H11: 0.45833333 | I11: 0 | J11: 0.58333333 | K11: 2.9166667
A12: Driver 4 | B12: b3B | C12: First Name | D12: Last Name | E12: ON | F12: Florida7Day | G12: 0 | H12: 0.5 | I12: 0 | J12: 0.66666667 | K12: 2.9166667
A13: Driver 5 | B13: b3B | C13: First Name | D13: Last Name | E13: ON | F13: None | G13: 0 | H13: 0 | I13: 0 | J13: 0 | K13: 0
A14: Driver 6 | B14: b3B | C14: First Name | D14: Last Name | E14: ON | F14: AmericaTexasShortHaul8Day | G14: 0 | H14: 0.5 | I14: 0 | J14: 0 | K14: 0
A15: Driver 7 | B15: b3B | C15: First Name | D15: Last Name | E15: ON | F15: America8Day | G15: 0 | H15: 0 | I15: 0 | J15: 0 | K15: 0
A16: Driver 8 | B16: b3B | C16: First Name | D16: Last Name | E16: OFF | F16: America7Day | G16: 0.33333333 | H16: 0.45833333 | I16: 0 | J16: 0.58333333 | K16: 2.5
A17: Driver 9 | B17: b3B | C17: First Name | D17: Last Name | E17: OFF | F17: CanadaCycleOne | G17: 0 | H17: 0.54166667 | I17: 0.58333333 | J17: 0.66666667 | K17: 2.9166667
A18: Driver 10 | B18: b3B | C18: First Name | D18: Last Name | E18: OFF | F18: CaliforniaProperty | G18: 0 | H18: 0.5 | I18: 0 | J18: 0.66666667 | K18: 3.2227679
A19: Driver 11 | B19: b3B | C19: First Name | D19: Last Name | E19: OFF | F19: CanadaCycleOne | G19: 0 | H19: 0.54166667 | I19: 0.58333333 | J19: 0.66666667 | K19: 2.9166667
A20: Driver 12 | B20: b3B | C20: First Name | D20: Last Name | E20: OFF | F20: CanadaCycleOne | G20: 0 | H20: 0.54166667 | I20: 0.58333333 | J20: 0.66666667 | K20: 2.9166667
... A65: Driver 57 | B65: b3B | C65: First Name | D65: Last Name | E65: OFF | F65: None | G65: 0 | H65: 0 | I65: 0 | J65: 0 | K65: 0

Sheet Report
A1: Driver Availability | E1: =Data!B2 -> 43172.538
A2: =Data!B1 -> Geotab Inc.
A4: Available | D4: Unavailable
A5: =COUNTIF(H8:H99999,"Available") -> 15 | D5: =COUNTIF(H8:H99999,"Unavailable") -> 29
A7: Driver | B7: First Name | C7: Last Name | D7: Full Name | E7: HOS Status | F7: HOS Ruleset | G7: Include | H7: Availability | I7: Rest available | J7: Driving available | K7: Duty available | L7: Workday available | M7: Cycle available
A8: =Data!A9 -> Driver 1 | B8: =IF(Data!C9="","",Data!C9) -> First Name | C8: =IF(Data!D9="","",Data!D9) -> Last Name | D8: =CONCATENATE(B8," ",C8) -> First Name Last Name | E8: =Data!E9 -> OFF | F8: =Data!F9 -> None | G8: =ISNUMBER(SEARCH("None",F8)) -> TRUE | H8: =IF(OR(ISNUMBER(SEARCH("None",F8))),"N/A",IF(AND(ISNUMBER(SEARCH("Short",F8)),OR(ISNUMBER(SEARCH("Texas",F8)),ISNUMBER(SEARCH("Canada",F8))),OR(J8<=(((Summary!$A$5*60)+Summary!$B$5)/1440),K8<=(((Summary!$A$5*60)+Summary!$B$5)/1440),L8<=(((Summary!$A$5*60)+Summary!$B$5)/1440),M8<=(((Summary!$A$5*60)+Summary!$B$5)/1440))),"Unavailable",IF(AND(ISNUMBER(SEARCH("Short",F8)),OR(J8<=(((Summary!$A$5*60)+Summary!$B$5)/1440),K8<=(((Summary!$A$5*60)+Summary!$B$5)/1440),L8<=(((Summary!$A$5*60)+Summary!$B$5)/1440),M8<=(((Summary!$A$5*60)+Summary!$B$5)/1440))),"Unavailable",IF(AND(OR(ISNUMBER(SEARCH("Texas",F8)),ISNUMBER(SEARCH("Canada",F8))),OR(I8<=(((Summary!$A$5*60)+Summary!$B$5)/1440),J8<=(((Summary!$A$5*60)+Summary!$B$5)/1440),K8<=(((Summary!$A$5*60)+Summary!$B$5)/1440),L8<=(((Summary!$A$5*60)+Summary!$B$5)/1440),M8<=(((Summary!$A$5*60)+Summary!$B$5)/1440))),"Unavailable",IF(OR(I8<=(((Summary!$A$5*60)+Summary!$B$5)/1440),J8<=(((Summary!$A$5*60)+Summary!$B$5)/1440),L8<=(((Summary!$A$5*60)+Summary!$B$5)/1440),M8<=(((Summary!$A$5*60)+Summary!$B$5)/1440)),"Unavailable","Available"))))) -> N/A | I8: =Data!G9 -> 0 | J8: =Data!H9 -> 0 | K8: =Data!I9 -> 0 | L8: =Data!J9 -> 0 | M8: =Data!K9 -> 0
A9: =Data!A10 -> Driver 2 | B9: =IF(Data!C10="","",Data!C10) -> First Name | C9: =IF(Data!D10="","",Data!D10) -> Last Name | D9: =CONCATENATE(B9," ",C9) -> First Name Last Name | E9: =Data!E10 -> OFF | F9: =Data!F10 -> America7DayBig | G9: =ISNUMBER(SEARCH("None",F9)) -> FALSE | H9: =IF(OR(ISNUMBER(SEARCH("None",F9))),"N/A",IF(AND(ISNUMBER(SEARCH("Short",F9)),OR(ISNUMBER(SEARCH("Texas",F9)),ISNUMBER(SEARCH("Canada",F9))),OR(J9<=(((Summary!$A$5*60)+Summary!$B$5)/1440),K9<=(((Summary!$A$5*60)+Summary!$B$5)/1440),L9<=(((Summary!$A$5*60)+Summary!$B$5)/1440),M9<=(((Summary!$A$5*60)+Summary!$B$5)/1440))),"Unavailable",IF(AND(ISNUMBER(SEARCH("Short",F9)),OR(J9<=(((Summary!$A$5*60)+Summary!$B$5)/1440),K9<=(((Summary!$A$5*60)+Summary!$B$5)/1440),L9<=(((Summary!$A$5*60)+Summary!$B$5)/1440),M9<=(((Summary!$A$5*60)+Summary!$B$5)/1440))),"Unavailable",IF(AND(OR(ISNUMBER(SEARCH("Texas",F9)),ISNUMBER(SEARCH("Canada",F9))),OR(I9<=(((Summary!$A$5*60)+Summary!$B$5)/1440),J9<=(((Summary!$A$5*60)+Summary!$B$5)/1440),K9<=(((Summary!$A$5*60)+Summary!$B$5)/1440),L9<=(((Summary!$A$5*60)+Summary!$B$5)/1440),M9<=(((Summary!$A$5*60)+Summary!$B$5)/1440))),"Unavailable",IF(OR(I9<=(((Summary!$A$5*60)+Summary!$B$5)/1440),J9<=(((Summary!$A$5*60)+Summary!$B$5)/1440),L9<=(((Summary!$A$5*60)+Summary!$B$5)/1440),M9<=(((Summary!$A$5*60)+Summary!$B$5)/1440)),"Unavailable","Available"))))) -> Available | I9: =Data!G10 -> 0.33333333 | J9: =Data!H10 -> 0.45833333 | K9: =Data!I10 -> 0 | L9: =Data!J10 -> 0.58333333 | M9: =Data!K10 -> 2.5
A10: =Data!A11 -> Driver 3 | B10: =IF(Data!C11="","",Data!C11) -> First Name | C10: =IF(Data!D11="","",Data!D11) -> Last Name | D10: =CONCATENATE(B10," ",C10) -> First Name Last Name | E10: =Data!E11 -> OFF | F10: =Data!F11 -> America8Day | G10: =ISNUMBER(SEARCH("None",F10)) -> FALSE | H10: =IF(OR(ISNUMBER(SEARCH("None",F10))),"N/A",IF(AND(ISNUMBER(SEARCH("Short",F10)),OR(ISNUMBER(SEARCH("Texas",F10)),ISNUMBER(SEARCH("Canada",F10))),OR(J10<=(((Summary!$A$5*60)+Summary!$B$5)/1440),K10<=(((Summary!$A$5*60)+Summary!$B$5)/1440),L10<=(((Summary!$A$5*60)+Summary!$B$5)/1440),M10<=(((Summary!$A$5*60)+Summary!$B$5)/1440))),"Unavailable",IF(AND(ISNUMBER(SEARCH("Short",F10)),OR(J10<=(((Summary!$A$5*60)+Summary!$B$5)/1440),K10<=(((Summary!$A$5*60)+Summary!$B$5)/1440),L10<=(((Summary!$A$5*60)+Summary!$B$5)/1440),M10<=(((Summary!$A$5*60)+Summary!$B$5)/1440))),"Unavailable",IF(AND(OR(ISNUMBER(SEARCH("Texas",F10)),ISNUMBER(SEARCH("Canada",F10))),OR(I10<=(((Summary!$A$5*60)+Summary!$B$5)/1440),J10<=(((Summary!$A$5*60)+Summary!$B$5)/1440),K10<=(((Summary!$A$5*60)+Summary!$B$5)/1440),L10<=(((Summary!$A$5*60)+Summary!$B$5)/1440),M10<=(((Summary!$A$5*60)+Summary!$B$5)/1440))),"Unavailable",IF(OR(I10<=(((Summary!$A$5*60)+Summary!$B$5)/1440),J10<=(((Summary!$A$5*60)+Summary!$B$5)/1440),L10<=(((Summary!$A$5*60)+Summary!$B$5)/1440),M10<=(((Summary!$A$5*60)+Summary!$B$5)/1440)),"Unavailable","Available"))))) -> Available | I10: =Data!G11 -> 0.33333333 | J10: =Data!H11 -> 0.45833333 | K10: =Data!I11 -> 0 | L10: =Data!J11 -> 0.58333333 | M10: =Data!K11 -> 2.9166667
A11: =Data!A12 -> Driver 4 | B11: =IF(Data!C12="","",Data!C12) -> First Name | C11: =IF(Data!D12="","",Data!D12) -> Last Name | D11: =CONCATENATE(B11," ",C11) -> First Name Last Name | E11: =Data!E12 -> ON | F11: =Data!F12 -> Florida7Day | G11: =ISNUMBER(SEARCH("None",F11)) -> FALSE | H11: =IF(OR(ISNUMBER(SEARCH("None",F11))),"N/A",IF(AND(ISNUMBER(SEARCH("Short",F11)),OR(ISNUMBER(SEARCH("Texas",F11)),ISNUMBER(SEARCH("Canada",F11))),OR(J11<=(((Summary!$A$5*60)+Summary!$B$5)/1440),K11<=(((Summary!$A$5*60)+Summary!$B$5)/1440),L11<=(((Summary!$A$5*60)+Summary!$B$5)/1440),M11<=(((Summary!$A$5*60)+Summary!$B$5)/1440))),"Unavailable",IF(AND(ISNUMBER(SEARCH("Short",F11)),OR(J11<=(((Summary!$A$5*60)+Summary!$B$5)/1440),K11<=(((Summary!$A$5*60)+Summary!$B$5)/1440),L11<=(((Summary!$A$5*60)+Summary!$B$5)/1440),M11<=(((Summary!$A$5*60)+Summary!$B$5)/1440))),"Unavailable",IF(AND(OR(ISNUMBER(SEARCH("Texas",F11)),ISNUMBER(SEARCH("Canada",F11))),OR(I11<=(((Summary!$A$5*60)+Summary!$B$5)/1440),J11<=(((Summary!$A$5*60)+Summary!$B$5)/1440),K11<=(((Summary!$A$5*60)+Summary!$B$5)/1440),L11<=(((Summary!$A$5*60)+Summary!$B$5)/1440),M11<=(((Summary!$A$5*60)+Summary!$B$5)/1440))),"Unavailable",IF(OR(I11<=(((Summary!$A$5*60)+Summary!$B$5)/1440),J11<=(((Summary!$A$5*60)+Summary!$B$5)/1440),L11<=(((Summary!$A$5*60)+Summary!$B$5)/1440),M11<=(((Summary!$A$5*60)+Summary!$B$5)/1440)),"Unavailable","Available"))))) -> Unavailable | I11: =Data!G12 -> 0 | J11: =Data!H12 -> 0.5 | K11: =Data!I12 -> 0 | L11: =Data!J12 -> 0.66666667 | M11: =Data!K12 -> 2.9166667
A12: =Data!A13 -> Driver 5 | B12: =IF(Data!C13="","",Data!C13) -> First Name | C12: =IF(Data!D13="","",Data!D13) -> Last Name | D12: =CONCATENATE(B12," ",C12) -> First Name Last Name | E12: =Data!E13 -> ON | F12: =Data!F13 -> None | G12: =ISNUMBER(SEARCH("None",F12)) -> TRUE | H12: =IF(OR(ISNUMBER(SEARCH("None",F12))),"N/A",IF(AND(ISNUMBER(SEARCH("Short",F12)),OR(ISNUMBER(SEARCH("Texas",F12)),ISNUMBER(SEARCH("Canada",F12))),OR(J12<=(((Summary!$A$5*60)+Summary!$B$5)/1440),K12<=(((Summary!$A$5*60)+Summary!$B$5)/1440),L12<=(((Summary!$A$5*60)+Summary!$B$5)/1440),M12<=(((Summary!$A$5*60)+Summary!$B$5)/1440))),"Unavailable",IF(AND(ISNUMBER(SEARCH("Short",F12)),OR(J12<=(((Summary!$A$5*60)+Summary!$B$5)/1440),K12<=(((Summary!$A$5*60)+Summary!$B$5)/1440),L12<=(((Summary!$A$5*60)+Summary!$B$5)/1440),M12<=(((Summary!$A$5*60)+Summary!$B$5)/1440))),"Unavailable",IF(AND(OR(ISNUMBER(SEARCH("Texas",F12)),ISNUMBER(SEARCH("Canada",F12))),OR(I12<=(((Summary!$A$5*60)+Summary!$B$5)/1440),J12<=(((Summary!$A$5*60)+Summary!$B$5)/1440),K12<=(((Summary!$A$5*60)+Summary!$B$5)/1440),L12<=(((Summary!$A$5*60)+Summary!$B$5)/1440),M12<=(((Summary!$A$5*60)+Summary!$B$5)/1440))),"Unavailable",IF(OR(I12<=(((Summary!$A$5*60)+Summary!$B$5)/1440),J12<=(((Summary!$A$5*60)+Summary!$B$5)/1440),L12<=(((Summary!$A$5*60)+Summary!$B$5)/1440),M12<=(((Summary!$A$5*60)+Summary!$B$5)/1440)),"Unavailable","Available"))))) -> N/A | I12: =Data!G13 -> 0 | J12: =Data!H13 -> 0 | K12: =Data!I13 -> 0 | L12: =Data!J13 -> 0 | M12: =Data!K13 -> 0
A13: =Data!A14 -> Driver 6 | B13: =IF(Data!C14="","",Data!C14) -> First Name | C13: =IF(Data!D14="","",Data!D14) -> Last Name | D13: =CONCATENATE(B13," ",C13) -> First Name Last Name | E13: =Data!E14 -> ON | F13: =Data!F14 -> AmericaTexasShortHaul8Day | G13: =ISNUMBER(SEARCH("None",F13)) -> FALSE | H13: =IF(OR(ISNUMBER(SEARCH("None",F13))),"N/A",IF(AND(ISNUMBER(SEARCH("Short",F13)),OR(ISNUMBER(SEARCH("Texas",F13)),ISNUMBER(SEARCH("Canada",F13))),OR(J13<=(((Summary!$A$5*60)+Summary!$B$5)/1440),K13<=(((Summary!$A$5*60)+Summary!$B$5)/1440),L13<=(((Summary!$A$5*60)+Summary!$B$5)/1440),M13<=(((Summary!$A$5*60)+Summary!$B$5)/1440))),"Unavailable",IF(AND(ISNUMBER(SEARCH("Short",F13)),OR(J13<=(((Summary!$A$5*60)+Summary!$B$5)/1440),K13<=(((Summary!$A$5*60)+Summary!$B$5)/1440),L13<=(((Summary!$A$5*60)+Summary!$B$5)/1440),M13<=(((Summary!$A$5*60)+Summary!$B$5)/1440))),"Unavailable",IF(AND(OR(ISNUMBER(SEARCH("Texas",F13)),ISNUMBER(SEARCH("Canada",F13))),OR(I13<=(((Summary!$A$5*60)+Summary!$B$5)/1440),J13<=(((Summary!$A$5*60)+Summary!$B$5)/1440),K13<=(((Summary!$A$5*60)+Summary!$B$5)/1440),L13<=(((Summary!$A$5*60)+Summary!$B$5)/1440),M13<=(((Summary!$A$5*60)+Summary!$B$5)/1440))),"Unavailable",IF(OR(I13<=(((Summary!$A$5*60)+Summary!$B$5)/1440),J13<=(((Summary!$A$5*60)+Summary!$B$5)/1440),L13<=(((Summary!$A$5*60)+Summary!$B$5)/1440),M13<=(((Summary!$A$5*60)+Summary!$B$5)/1440)),"Unavailable","Available"))))) -> Unavailable | I13: =Data!G14 -> 0 | J13: =Data!H14 -> 0.5 | K13: =Data!I14 -> 0 | L13: =Data!J14 -> 0 | M13: =Data!K14 -> 0
A14: =Data!A15 -> Driver 7 | B14: =IF(Data!C15="","",Data!C15) -> First Name | C14: =IF(Data!D15="","",Data!D15) -> Last Name | D14: =CONCATENATE(B14," ",C14) -> First Name Last Name | E14: =Data!E15 -> ON | F14: =Data!F15 -> America8Day | G14: =ISNUMBER(SEARCH("None",F14)) -> FALSE | H14: =IF(OR(ISNUMBER(SEARCH("None",F14))),"N/A",IF(AND(ISNUMBER(SEARCH("Short",F14)),OR(ISNUMBER(SEARCH("Texas",F14)),ISNUMBER(SEARCH("Canada",F14))),OR(J14<=(((Summary!$A$5*60)+Summary!$B$5)/1440),K14<=(((Summary!$A$5*60)+Summary!$B$5)/1440),L14<=(((Summary!$A$5*60)+Summary!$B$5)/1440),M14<=(((Summary!$A$5*60)+Summary!$B$5)/1440))),"Unavailable",IF(AND(ISNUMBER(SEARCH("Short",F14)),OR(J14<=(((Summary!$A$5*60)+Summary!$B$5)/1440),K14<=(((Summary!$A$5*60)+Summary!$B$5)/1440),L14<=(((Summary!$A$5*60)+Summary!$B$5)/1440),M14<=(((Summary!$A$5*60)+Summary!$B$5)/1440))),"Unavailable",IF(AND(OR(ISNUMBER(SEARCH("Texas",F14)),ISNUMBER(SEARCH("Canada",F14))),OR(I14<=(((Summary!$A$5*60)+Summary!$B$5)/1440),J14<=(((Summary!$A$5*60)+Summary!$B$5)/1440),K14<=(((Summary!$A$5*60)+Summary!$B$5)/1440),L14<=(((Summary!$A$5*60)+Summary!$B$5)/1440),M14<=(((Summary!$A$5*60)+Summary!$B$5)/1440))),"Unavailable",IF(OR(I14<=(((Summary!$A$5*60)+Summary!$B$5)/1440),J14<=(((Summary!$A$5*60)+Summary!$B$5)/1440),L14<=(((Summary!$A$5*60)+Summary!$B$5)/1440),M14<=(((Summary!$A$5*60)+Summary!$B$5)/1440)),"Unavailable","Available"))))) -> Unavailable | I14: =Data!G15 -> 0 | J14: =Data!H15 -> 0 | K14: =Data!I15 -> 0 | L14: =Data!J15 -> 0 | M14: =Data!K15 -> 0
A15: =Data!A16 -> Driver 8 | B15: =IF(Data!C16="","",Data!C16) -> First Name | C15: =IF(Data!D16="","",Data!D16) -> Last Name | D15: =CONCATENATE(B15," ",C15) -> First Name Last Name | E15: =Data!E16 -> OFF | F15: =Data!F16 -> America7Day | G15: =ISNUMBER(SEARCH("None",F15)) -> FALSE | H15: =IF(OR(ISNUMBER(SEARCH("None",F15))),"N/A",IF(AND(ISNUMBER(SEARCH("Short",F15)),OR(ISNUMBER(SEARCH("Texas",F15)),ISNUMBER(SEARCH("Canada",F15))),OR(J15<=(((Summary!$A$5*60)+Summary!$B$5)/1440),K15<=(((Summary!$A$5*60)+Summary!$B$5)/1440),L15<=(((Summary!$A$5*60)+Summary!$B$5)/1440),M15<=(((Summary!$A$5*60)+Summary!$B$5)/1440))),"Unavailable",IF(AND(ISNUMBER(SEARCH("Short",F15)),OR(J15<=(((Summary!$A$5*60)+Summary!$B$5)/1440),K15<=(((Summary!$A$5*60)+Summary!$B$5)/1440),L15<=(((Summary!$A$5*60)+Summary!$B$5)/1440),M15<=(((Summary!$A$5*60)+Summary!$B$5)/1440))),"Unavailable",IF(AND(OR(ISNUMBER(SEARCH("Texas",F15)),ISNUMBER(SEARCH("Canada",F15))),OR(I15<=(((Summary!$A$5*60)+Summary!$B$5)/1440),J15<=(((Summary!$A$5*60)+Summary!$B$5)/1440),K15<=(((Summary!$A$5*60)+Summary!$B$5)/1440),L15<=(((Summary!$A$5*60)+Summary!$B$5)/1440),M15<=(((Summary!$A$5*60)+Summary!$B$5)/1440))),"Unavailable",IF(OR(I15<=(((Summary!$A$5*60)+Summary!$B$5)/1440),J15<=(((Summary!$A$5*60)+Summary!$B$5)/1440),L15<=(((Summary!$A$5*60)+Summary!$B$5)/1440),M15<=(((Summary!$A$5*60)+Summary!$B$5)/1440)),"Unavailable","Available"))))) -> Available | I15: =Data!G16 -> 0.33333333 | J15: =Data!H16 -> 0.45833333 | K15: =Data!I16 -> 0 | L15: =Data!J16 -> 0.58333333 | M15: =Data!K16 -> 2.5
A16: =Data!A17 -> Driver 9 | B16: =IF(Data!C17="","",Data!C17) -> First Name | C16: =IF(Data!D17="","",Data!D17) -> Last Name | D16: =CONCATENATE(B16," ",C16) -> First Name Last Name | E16: =Data!E17 -> OFF | F16: =Data!F17 -> CanadaCycleOne | G16: =ISNUMBER(SEARCH("None",F16)) -> FALSE | H16: =IF(OR(ISNUMBER(SEARCH("None",F16))),"N/A",IF(AND(ISNUMBER(SEARCH("Short",F16)),OR(ISNUMBER(SEARCH("Texas",F16)),ISNUMBER(SEARCH("Canada",F16))),OR(J16<=(((Summary!$A$5*60)+Summary!$B$5)/1440),K16<=(((Summary!$A$5*60)+Summary!$B$5)/1440),L16<=(((Summary!$A$5*60)+Summary!$B$5)/1440),M16<=(((Summary!$A$5*60)+Summary!$B$5)/1440))),"Unavailable",IF(AND(ISNUMBER(SEARCH("Short",F16)),OR(J16<=(((Summary!$A$5*60)+Summary!$B$5)/1440),K16<=(((Summary!$A$5*60)+Summary!$B$5)/1440),L16<=(((Summary!$A$5*60)+Summary!$B$5)/1440),M16<=(((Summary!$A$5*60)+Summary!$B$5)/1440))),"Unavailable",IF(AND(OR(ISNUMBER(SEARCH("Texas",F16)),ISNUMBER(SEARCH("Canada",F16))),OR(I16<=(((Summary!$A$5*60)+Summary!$B$5)/1440),J16<=(((Summary!$A$5*60)+Summary!$B$5)/1440),K16<=(((Summary!$A$5*60)+Summary!$B$5)/1440),L16<=(((Summary!$A$5*60)+Summary!$B$5)/1440),M16<=(((Summary!$A$5*60)+Summary!$B$5)/1440))),"Unavailable",IF(OR(I16<=(((Summary!$A$5*60)+Summary!$B$5)/1440),J16<=(((Summary!$A$5*60)+Summary!$B$5)/1440),L16<=(((Summary!$A$5*60)+Summary!$B$5)/1440),M16<=(((Summary!$A$5*60)+Summary!$B$5)/1440)),"Unavailable","Available"))))) -> Unavailable | I16: =Data!G17 -> 0 | J16: =Data!H17 -> 0.54166667 | K16: =Data!I17 -> 0.58333333 | L16: =Data!J17 -> 0.66666667 | M16: =Data!K17 -> 2.9166667
A17: =Data!A18 -> Driver 10 | B17: =IF(Data!C18="","",Data!C18) -> First Name | C17: =IF(Data!D18="","",Data!D18) -> Last Name | D17: =CONCATENATE(B17," ",C17) -> First Name Last Name | E17: =Data!E18 -> OFF | F17: =Data!F18 -> CaliforniaProperty | G17: =ISNUMBER(SEARCH("None",F17)) -> FALSE | H17: =IF(OR(ISNUMBER(SEARCH("None",F17))),"N/A",IF(AND(ISNUMBER(SEARCH("Short",F17)),OR(ISNUMBER(SEARCH("Texas",F17)),ISNUMBER(SEARCH("Canada",F17))),OR(J17<=(((Summary!$A$5*60)+Summary!$B$5)/1440),K17<=(((Summary!$A$5*60)+Summary!$B$5)/1440),L17<=(((Summary!$A$5*60)+Summary!$B$5)/1440),M17<=(((Summary!$A$5*60)+Summary!$B$5)/1440))),"Unavailable",IF(AND(ISNUMBER(SEARCH("Short",F17)),OR(J17<=(((Summary!$A$5*60)+Summary!$B$5)/1440),K17<=(((Summary!$A$5*60)+Summary!$B$5)/1440),L17<=(((Summary!$A$5*60)+Summary!$B$5)/1440),M17<=(((Summary!$A$5*60)+Summary!$B$5)/1440))),"Unavailable",IF(AND(OR(ISNUMBER(SEARCH("Texas",F17)),ISNUMBER(SEARCH("Canada",F17))),OR(I17<=(((Summary!$A$5*60)+Summary!$B$5)/1440),J17<=(((Summary!$A$5*60)+Summary!$B$5)/1440),K17<=(((Summary!$A$5*60)+Summary!$B$5)/1440),L17<=(((Summary!$A$5*60)+Summary!$B$5)/1440),M17<=(((Summary!$A$5*60)+Summary!$B$5)/1440))),"Unavailable",IF(OR(I17<=(((Summary!$A$5*60)+Summary!$B$5)/1440),J17<=(((Summary!$A$5*60)+Summary!$B$5)/1440),L17<=(((Summary!$A$5*60)+Summary!$B$5)/1440),M17<=(((Summary!$A$5*60)+Summary!$B$5)/1440)),"Unavailable","Available"))))) -> Unavailable | I17: =Data!G18 -> 0 | J17: =Data!H18 -> 0.5 | K17: =Data!I18 -> 0 | L17: =Data!J18 -> 0.66666667 | M17: =Data!K18 -> 3.2227679
A18: =Data!A19 -> Driver 11 | B18: =IF(Data!C19="","",Data!C19) -> First Name | C18: =IF(Data!D19="","",Data!D19) -> Last Name | D18: =CONCATENATE(B18," ",C18) -> First Name Last Name | E18: =Data!E19 -> OFF | F18: =Data!F19 -> CanadaCycleOne | G18: =ISNUMBER(SEARCH("None",F18)) -> FALSE | H18: =IF(OR(ISNUMBER(SEARCH("None",F18))),"N/A",IF(AND(ISNUMBER(SEARCH("Short",F18)),OR(ISNUMBER(SEARCH("Texas",F18)),ISNUMBER(SEARCH("Canada",F18))),OR(J18<=(((Summary!$A$5*60)+Summary!$B$5)/1440),K18<=(((Summary!$A$5*60)+Summary!$B$5)/1440),L18<=(((Summary!$A$5*60)+Summary!$B$5)/1440),M18<=(((Summary!$A$5*60)+Summary!$B$5)/1440))),"Unavailable",IF(AND(ISNUMBER(SEARCH("Short",F18)),OR(J18<=(((Summary!$A$5*60)+Summary!$B$5)/1440),K18<=(((Summary!$A$5*60)+Summary!$B$5)/1440),L18<=(((Summary!$A$5*60)+Summary!$B$5)/1440),M18<=(((Summary!$A$5*60)+Summary!$B$5)/1440))),"Unavailable",IF(AND(OR(ISNUMBER(SEARCH("Texas",F18)),ISNUMBER(SEARCH("Canada",F18))),OR(I18<=(((Summary!$A$5*60)+Summary!$B$5)/1440),J18<=(((Summary!$A$5*60)+Summary!$B$5)/1440),K18<=(((Summary!$A$5*60)+Summary!$B$5)/1440),L18<=(((Summary!$A$5*60)+Summary!$B$5)/1440),M18<=(((Summary!$A$5*60)+Summary!$B$5)/1440))),"Unavailable",IF(OR(I18<=(((Summary!$A$5*60)+Summary!$B$5)/1440),J18<=(((Summary!$A$5*60)+Summary!$B$5)/1440),L18<=(((Summary!$A$5*60)+Summary!$B$5)/1440),M18<=(((Summary!$A$5*60)+Summary!$B$5)/1440)),"Unavailable","Available"))))) -> Unavailable | I18: =Data!G19 -> 0 | J18: =Data!H19 -> 0.54166667 | K18: =Data!I19 -> 0.58333333 | L18: =Data!J19 -> 0.66666667 | M18: =Data!K19 -> 2.9166667
A19: =Data!A20 -> Driver 12 | B19: =IF(Data!C20="","",Data!C20) -> First Name | C19: =IF(Data!D20="","",Data!D20) -> Last Name | D19: =CONCATENATE(B19," ",C19) -> First Name Last Name | E19: =Data!E20 -> OFF | F19: =Data!F20 -> CanadaCycleOne | G19: =ISNUMBER(SEARCH("None",F19)) -> FALSE | H19: =IF(OR(ISNUMBER(SEARCH("None",F19))),"N/A",IF(AND(ISNUMBER(SEARCH("Short",F19)),OR(ISNUMBER(SEARCH("Texas",F19)),ISNUMBER(SEARCH("Canada",F19))),OR(J19<=(((Summary!$A$5*60)+Summary!$B$5)/1440),K19<=(((Summary!$A$5*60)+Summary!$B$5)/1440),L19<=(((Summary!$A$5*60)+Summary!$B$5)/1440),M19<=(((Summary!$A$5*60)+Summary!$B$5)/1440))),"Unavailable",IF(AND(ISNUMBER(SEARCH("Short",F19)),OR(J19<=(((Summary!$A$5*60)+Summary!$B$5)/1440),K19<=(((Summary!$A$5*60)+Summary!$B$5)/1440),L19<=(((Summary!$A$5*60)+Summary!$B$5)/1440),M19<=(((Summary!$A$5*60)+Summary!$B$5)/1440))),"Unavailable",IF(AND(OR(ISNUMBER(SEARCH("Texas",F19)),ISNUMBER(SEARCH("Canada",F19))),OR(I19<=(((Summary!$A$5*60)+Summary!$B$5)/1440),J19<=(((Summary!$A$5*60)+Summary!$B$5)/1440),K19<=(((Summary!$A$5*60)+Summary!$B$5)/1440),L19<=(((Summary!$A$5*60)+Summary!$B$5)/1440),M19<=(((Summary!$A$5*60)+Summary!$B$5)/1440))),"Unavailable",IF(OR(I19<=(((Summary!$A$5*60)+Summary!$B$5)/1440),J19<=(((Summary!$A$5*60)+Summary!$B$5)/1440),L19<=(((Summary!$A$5*60)+Summary!$B$5)/1440),M19<=(((Summary!$A$5*60)+Summary!$B$5)/1440)),"Unavailable","Available"))))) -> Unavailable | I19: =Data!G20 -> 0 | J19: =Data!H20 -> 0.54166667 | K19: =Data!I20 -> 0.58333333 | L19: =Data!J20 -> 0.66666667 | M19: =Data!K20 -> 2.9166667
... A64: =Data!A65 -> Driver 57 | B64: =IF(Data!C65="","",Data!C65) -> First Name | C64: =IF(Data!D65="","",Data!D65) -> Last Name | D64: =CONCATENATE(B64," ",C64) -> First Name Last Name | E64: =Data!E65 -> OFF | F64: =Data!F65 -> None | G64: =ISNUMBER(SEARCH("None",F64)) -> TRUE | H64: =IF(OR(ISNUMBER(SEARCH("None",F64))),"N/A",IF(AND(ISNUMBER(SEARCH("Short",F64)),OR(ISNUMBER(SEARCH("Texas",F64)),ISNUMBER(SEARCH("Canada",F64))),OR(J64<=(((Summary!$A$5*60)+Summary!$B$5)/1440),K64<=(((Summary!$A$5*60)+Summary!$B$5)/1440),L64<=(((Summary!$A$5*60)+Summary!$B$5)/1440),M64<=(((Summary!$A$5*60)+Summary!$B$5)/1440))),"Unavailable",IF(AND(ISNUMBER(SEARCH("Short",F64)),OR(J64<=(((Summary!$A$5*60)+Summary!$B$5)/1440),K64<=(((Summary!$A$5*60)+Summary!$B$5)/1440),L64<=(((Summary!$A$5*60)+Summary!$B$5)/1440),M64<=(((Summary!$A$5*60)+Summary!$B$5)/1440))),"Unavailable",IF(AND(OR(ISNUMBER(SEARCH("Texas",F64)),ISNUMBER(SEARCH("Canada",F64))),OR(I64<=(((Summary!$A$5*60)+Summary!$B$5)/1440),J64<=(((Summary!$A$5*60)+Summary!$B$5)/1440),K64<=(((Summary!$A$5*60)+Summary!$B$5)/1440),L64<=(((Summary!$A$5*60)+Summary!$B$5)/1440),M64<=(((Summary!$A$5*60)+Summary!$B$5)/1440))),"Unavailable",IF(OR(I64<=(((Summary!$A$5*60)+Summary!$B$5)/1440),J64<=(((Summary!$A$5*60)+Summary!$B$5)/1440),L64<=(((Summary!$A$5*60)+Summary!$B$5)/1440),M64<=(((Summary!$A$5*60)+Summary!$B$5)/1440)),"Unavailable","Available"))))) -> N/A | I64: =Data!G65 -> 0 | J64: =Data!H65 -> 0 | K64: =Data!I65 -> 0 | L64: =Data!J65 -> 0 | M64: =Data!K65 -> 0

Sheet Summary
A1: Driver Availability | D1: =Data!B2 -> 43172.538
A2: =Data!B1 -> Geotab Inc.
A4: Hours | B4: Minutes
A5: 0 | B5: 30
A8: Include | B8: FALSE
A10: Driver | B10: Full Name | C10: HOS Ruleset | D10: HOS Status | E10: Availability | F10: Rest Available | G10: Driving Available | H10: Duty Available | I10: Workday Available | J10: Cycle Available
A11: Driver 2 | B11: First Name Last Name | C11: America7DayBig | D11: OFF | E11: Available | F11: 0.33333333 | G11: 0.45833333 | H11: 0 | I11: 0.58333333 | J11: 2.5
A12: Driver 3 | B12: First Name Last Name | C12: America8Day | D12: OFF | E12: Available | F12: 0.33333333 | G12: 0.45833333 | H12: 0 | I12: 0.58333333 | J12: 2.9166667
A13: Driver 4 | B13: First Name Last Name | C13: Florida7Day | D13: ON | E13: Unavailable | F13: 0 | G13: 0.5 | H13: 0 | I13: 0.66666667 | J13: 2.9166667
A14: Driver 6 | B14: First Name Last Name | C14: AmericaTexasShortHaul8Day | D14: ON | E14: Unavailable | F14: 0 | G14: 0.5 | H14: 0 | I14: 0 | J14: 0
A15: Driver 7 | B15: First Name Last Name | C15: America8Day | D15: ON | E15: Unavailable | F15: 0 | G15: 0 | H15: 0 | I15: 0 | J15: 0
A16: Driver 8 | B16: First Name Last Name | C16: America7Day | D16: OFF | E16: Available | F16: 0.33333333 | G16: 0.45833333 | H16: 0 | I16: 0.58333333 | J16: 2.5
A17: Driver 9 | B17: First Name Last Name | C17: CanadaCycleOne | D17: OFF | E17: Unavailable | F17: 0 | G17: 0.54166667 | H17: 0.58333333 | I17: 0.66666667 | J17: 2.9166667
A18: Driver 10 | B18: First Name Last Name | C18: CaliforniaProperty | D18: OFF | E18: Unavailable | F18: 0 | G18: 0.5 | H18: 0 | I18: 0.66666667 | J18: 3.2227662
A19: Driver 11 | B19: First Name Last Name | C19: CanadaCycleOne | D19: OFF | E19: Unavailable | F19: 0 | G19: 0.54166667 | H19: 0.58333333 | I19: 0.66666667 | J19: 2.9166667
A20: Driver 12 | B20: First Name Last Name | C20: CanadaCycleOne | D20: OFF | E20: Unavailable | F20: 0 | G20: 0.54166667 | H20: 0.58333333 | I20: 0.66666667 | J20: 2.9166667
A21: Driver 13 | B21: First Name Last Name | C21: America8Day | D21: OFF | E21: Available | F21: 0.33333333 | G21: 0.45833333 | H21: 0 | I21: 0.58333333 | J21: 2.9166667
A22: Driver 15 | B22: First Name Last Name | C22: CanadaCycleOne | D22: OFF | E22: Unavailable | F22: 0 | G22: 0.54166667 | H22: 0.58333333 | I22: 0.66666667 | J22: 2.9166667
... A54: Driver 56 | B54: First Name Last Name | C54: America8Day | D54: OFF | E54: Available | F54: 0.33333333 | G54: 0.45833333 | H54: 0 | I54: 0.58333333 | J54: 2.9166667

Sheet Availability Graph
A1: Advanced HOS Availability Logs | D1: =Data!B2 -> 43172.538
A2: =Data!B1 -> Geotab Inc.
A4: Include | B4: FALSE
A6: Availability | B6: Count
A7: Available | B7: 15
A8: Unavailable | B8: 29

Sheet Languages
A1: English | B1: French | C1: Spanish | D1: German | E1: Japanese | F1: Polish | G1: Portuguese-Brazil | H1: Dutch | I1: Italian | J1: Mandarin
A2: **Driver | B2: Conducteur | C2: Conductor | D2: Fahrer | E2: ドライバー | F2: Kierowca | G2: Motorista | H2: Chauffeur | I2: Conducente | J2: 驾驶员
A3: **HOS Status | B3: État des HDS | C3: Estado de HDS | D3: Lenkzeit-Status | E3: HOS ステータス | F3: Status czasu pracy | G3: Status HOS | H3: DU-status | I3: Stato HOS | J3: HOS Status
A4: **HOS Ruleset | B4: Ensemble de règles HDS | C4: Conjunto de reglas de HDS | D4: Lenkzeiten-Regelsatz | E4: HOS ルールセット | F4: Zestaw reguł czasu pracy | G4: Ruleset HOS | H4: DU-regelset | I4: Set di regole HOS | J4: HOS Ruleset
A5: **Rest available | B5: Repos disponible | C5: Descanso disponible | D5: Pause verfügbar | E5: 「休憩」残あり | F5: Dostępny odpoczynek | G5: Descanso disponível | H5: Rust beschikbaar | I5: Riposo disponibile | J5: Rest available
A6: **Driving available | B6: Conduite disponible | C6: Conducción disponible | D6: Fahren verfügbar | E6: 「運転」残あり | F6: Dostępny czas jazdy | G6: Condução disponível | H6: Rijden beschikbaar | I6: Guida disponibile | J6: Driving available
A7: **Duty available | B7: Service disponible | C7: Servicio disponible | D7: Einsatzstatus verfügbar | E7: 「職務」残あり | F7: Dostępna praca | G7: Tarefa disponível | H7: Dienst beschikbaar | I7: Servizio disponibile | J7: Duty available
A8: **Workday available | B8: Journée de travail disponible | C8: Jornada de trabajo disponible | D8: Arbeitstag verfügbar | E8: 「実働」残あり | F8: Dostępny dzień roboczy | G8: Dia útil disponível | H8: Werkdag beschikbaar | I8: Giorno lavorativo disponibile | J8: Workday available
A9: **Cycle available | B9: Cycle disponible | C9: Ciclo disponible | D9: Zyklus verfügbar | E9: 「サイクル」残あり | F9: Dostępny cykl | G9: Ciclo disponível | H9: Cyclus beschikbaar | I9: Ciclo disponibile | J9: Cycle available
A10: **Summary | B10: Sommaire | C10: Resumen | D10: Zusammenfassung | E10: 走行データ | F10: Podsumowanie | G10: Resumo | H10: Overzicht | I10: Riassunto | J10: Summary
A11: **Created | B11: Créé | C11: Creado | D11: Angelegt | E11: 作成済 | F11: Utworzono | G11: Criado em | H11: Aangemaakt | I11: Creato | J11: 创建日期
A12: **From | B12: À partir de | C12: De | D12: Von | E12: から | F12: Od | G12: De | H12: Van | I12: Da | J12: 自
... A16: **Advanced HOS Availability Logs | B16: Registres de disponibilité HOS avancés | C16: Registros avanzados de disponibilidad de HDS | D16: Erweiterte Protokolle Lenkzeit-Verfügbarkeit | E16: 利用可能 HOS の有無の高度なログ記録 | F16: Zaawansowane dzienniki dostępności czasu pracy | G16: Registros avançados da disponibilidade de HOS | H16: Geavanceerde DU-beschikbaarheidslogboeken | I16: Registri avanzati di disponibilità HOS | J16: Advanced HOS Availability Logs
