Workbook
Name AllData: Report!$A$12:$Q$260

Sheet Total Count Graph
B2: **Active Diagnostics
B4: =COUNTIFS(Report!G:G,"Diagnostic",Report!H:H,"Active",Report!F:F,"#N/A") -> 8
B9: **Active Malfunctions
B11: =COUNTIFS(Report!G:G,"Malfunction",Report!H:H,"Active",Report!F:F,"#N/A") -> 1
B16: =Summary!A5&": "&TEXT(Summary!B5, "mmm dd, yyyy") -> **From: Apr 13, 2019 | C16: =Summary!A6&": "&TEXT(Summary!B6, "mmm dd, yyyy") -> **To: May 13, 2019

Sheet Active
A1: **Diagnostic & Malfunction Events | C1: =Data!B2 -> 43598.449
A2: =Data!B1 -> ABC Company
A4: **Date
A5: **From | B5: =Data!B3 -> 43568.449
A6: **To | B6: =Data!B4 -> 43598.449
A7: **Days | B7: =B6-B5 -> 30
A9: **Distance Unit | B9: =Data!B5 -> miles
A10: Include | B10: TRUE
A11: Active | B11: TRUE
A13: **Vehicle | B13: **Status | C13: **Date | D13: Type | E13: **Clear | F13: **Count
A14: Vehicle 1 | B14: UnidentifiedDrivingCompliance | C14: 43598.278 | D14: Diagnostic | E14: Active | F14: 1
A15: Vehicle 10 | B15: DataTransferCompliance | C15: 43584.465 | D15: Malfunction | E15: Active | F15: 1
B16: UnidentifiedDrivingCompliance | C16: 43598.384 | D16: Diagnostic | E16: Active | F16: 1
A17: Vehicle 2 | B17: UnidentifiedDrivingCompliance | C17: 43592.451 | D17: Diagnostic | E17: Active | F17: 1
A18: Vehicle 3 | B18: UnidentifiedDrivingCompliance | C18: 43570.765 | D18: Diagnostic | E18: Active | F18: 1
A19: Vehicle 4 | B19: UnidentifiedDrivingCompliance | C19: 43598.257 | D19: Diagnostic | E19: Active | F19: 1
A20: Vehicle 5 | B20: UnidentifiedDrivingCompliance | C20: 43595.676 | D20: Diagnostic | E20: Active | F20: 1
A21: Vehicle 6 | B21: UnidentifiedDrivingCompliance | C21: 43598.318 | D21: Diagnostic | E21: Active | F21: 1
A22: Vehicle 7 | B22: UnidentifiedDrivingCompliance | C22: 43580.674 | D22: Diagnostic | E22: Active | F22: 1
A23: Grand Total | F23: 9

Sheet Malfunctions
A1: **Diagnostic & Malfunction Events | C1: =Data!B2 -> 43598.449
A2: =Data!B1 -> ABC Company
A4: **Date
A5: **From | B5: =Data!B3 -> 43568.449
A6: **To | B6: =Data!B4 -> 43598.449
A7: **Days | B7: =B6-B5 -> 30
A9: **Distance Unit | B9: =Data!B5 -> miles
A10: Include | B10: TRUE
A11: Active | B11: TRUE
A12: Malfunction | B12: TRUE
A14: **Vehicle | B14: **Status | C14: **Date (Last Instance) | D14: **Type | E14: **Clear | F14: **Count
A15: Vehicle 10 | B15: DataTransferCompliance | C15: 43584.465 | D15: Malfunction | E15: Active | F15: 1
A16: Grand Total | F16: 1

Sheet Summary
A1: **Diagnostic & Malfunction Events | C1: =Data!B2 -> 43598.449
A2: =Data!B1 -> ABC Company
A4: **Date
A5: **From | B5: =Data!B3 -> 43568.449
A6: **To | B6: =Data!B4 -> 43598.449
A7: **Days | B7: =B6-B5 -> 30
A9: **Distance Unit | B9: =Data!B5 -> miles
A10: Include | B10: TRUE
A12: **Vehicle | B12: **Status | C12: **Date (Last Instance) | D12: **Type | E12: **Clear | F12: **Count
A13: Vehicle 10 | B13: DataTransferCompliance | C13: 43580.565 | D13: Diagnostic | E13: Cleared | F13: 1
C14: 43584.465 | D14: Malfunction | E14: Active | F14: 1
B15: PowerCompliance | C15: 43593.373 | D15: Diagnostic | E15: Cleared | F15: 1
B16: UnidentifiedDrivingCompliance | C16: 43598.384 | D16: Diagnostic | E16: Active | F16: 1
A17: Vehicle 10 Total | F17: 4
A18: Vehicle 5 | B18: DataTransferCompliance | C18: 43588.536 | D18: Diagnostic | E18: Cleared | F18: 1
B19: PowerCompliance | C19: 43593.362 | D19: Diagnostic | E19: Cleared | F19: 1
B20: UnidentifiedDrivingCompliance | C20: 43595.676 | D20: Diagnostic | E20: Active | F20: 1
A21: Vehicle 5 Total | F21: 3
A22: Vehicle 7 | B22: DataTransferCompliance | C22: 43593.398 | D22: Diagnostic | E22: Cleared | F22: 1
B23: PowerCompliance | C23: 43593.39 | D23: Diagnostic | E23: Cleared | F23: 1
B24: UnidentifiedDrivingCompliance | C24: 43580.674 | D24: Diagnostic | E24: Active | F24: 1
A25: Vehicle 7 Total | F25: 3
A26: Vehicle 6 | B26: DataTransferCompliance | C26: 43578.236 | D26: Diagnostic | E26: Cleared | F26: 1
B27: PowerCompliance | C27: 43593.364 | D27: Diagnostic | E27: Cleared | F27: 1
B28: UnidentifiedDrivingCompliance | C28: 43598.318 | D28: Diagnostic | E28: Active | F28: 1
A29: Vehicle 6 Total | F29: 3
A30: Vehicle 8 | B30: DataTransferCompliance | C30: 43595.381 | D30: Diagnostic | E30: Cleared | F30: 1
B31: PowerCompliance | C31: 43595.29 | D31: Diagnostic | E31: Cleared | F31: 1
A32: Vehicle 8 Total | F32: 2
A33: Vehicle 1 | B33: PowerCompliance | C33: 43595.31 | D33: Diagnostic | E33: Cleared | F33: 1
B34: UnidentifiedDrivingCompliance | C34: 43598.278 | D34: Diagnostic | E34: Active | F34: 1
A35: Vehicle 1 Total | F35: 2
A36: Vehicle 3 | B36: PowerCompliance | C36: 43598.344 | D36: Diagnostic | E36: Cleared | F36: 1
B37: UnidentifiedDrivingCompliance | C37: 43570.765 | D37: Diagnostic | E37: Active | F37: 1
A38: Vehicle 3 Total | F38: 2
A39: Vehicle 4 | B39: PowerCompliance | C39: 43593.363 | D39: Diagnostic | E39: Cleared | F39: 1
B40: UnidentifiedDrivingCompliance | C40: 43598.257 | D40: Diagnostic | E40: Active | F40: 1
A41: Vehicle 4 Total | F41: 2
A42: Vehicle 2 | B42: UnidentifiedDrivingCompliance | C42: 43592.451 | D42: Diagnostic | E42: Active | F42: 1
A43: Vehicle 2 Total | F43: 1
A44: Vehicle 9 | B44: DataTransferCompliance | C44: 43597.268 | D44: Diagnostic | E44: Cleared | F44: 1
A45: Vehicle 9 Total | F45: 1
A46: Vehicle 12 | B46: DataTransferCompliance | C46: 43588.362 | D46: Diagnostic | E46: Cleared | F46: 1
A47: Vehicle 12 Total | F47: 1
A48: Vehicle 11 | B48: DataTransferCompliance | C48: 43581.399 | D48: Diagnostic | E48: Cleared | F48: 1
A49: Vehicle 11 Total | F49: 1
A50: Grand Total | F50: 25

Sheet Data
A1: CompanyName | B1: ABC Company
A2: RunDate | B2: 43598.449
A3: FromDate | B3: 43568.449
A4: ToDate | B4: 43598.449
A5: DistanceUnit | B5: miles
A6: SpeedUnit | B6: mph
A7: SendReport | B7: =IF(COUNTIFS(Report!G:G,"Malfunction",Report!H:H,"Active",Report!F:F,"#N/A")>0,TRUE,FALSE) -> TRUE
A8: LastModifiedUser | B8: mygproduct@geotab.com
A9: Language | B9: en
A10: DutyStatusDateTime | B10: DutyStatusStatus | C10: .StatusLog.Device.DeviceName | D10: .StatusLog.Device.DeviceId | E10: .StatusLog.Device.DeviceGroup | F10: DutyStatusId | G10: DutyStatusDetailOdometer | H10: DutyStatusDetailDistance | I10: DutyStatusDetailLongitude | J10: DutyStatusDetailLatitude | K10: DutyStatusLocation | L10: DutyStatusOrigin | M10: DutyStatusMalfunctionType | N10: DutyStatusState
A11: 43568.615 | B11: UnidentifiedDrivingCompliance | C11: Vehicle 1 | D11: b5 | E11: Entire Organization | F11: aoh4J-CJ6OUaBo8pdKCJJIg | G11: 12321.004 | H11: 21.503172 | I11: Long | J11: Lat | K11: Approximate Location | L11: Automatic | M11: Diagnostic | N11: Active
A12: 43568.664 | B12: UnidentifiedDrivingCompliance | C12: Vehicle 2 | D12: b4E | E12: Entire Organization | F12: avmYnI22qr0qZRfUIMwwkSA | G12: 2990.0286 | H12: 16.041061 | I12: Long | J12: Lat | K12: Approximate Location | L12: Automatic | M12: Diagnostic | N12: Active
A13: 43568.82 | B13: UnidentifiedDrivingCompliance | C13: Vehicle 3 | D13: b5F | E13: Entire Organization | F13: afd1eZVull0Si3h9x84B4hg | G13: 116631.19 | H13: 119.23368 | I13: Long | J13: Lat | K13: Approximate Location | L13: Automatic | M13: Diagnostic | N13: Active
A14: 43568.959 | B14: UnidentifiedDrivingCompliance | C14: Vehicle 2 | D14: b4E | E14: Entire Organization | F14: a-TC4JBCcNEay-vthv-Twmg | G14: 3006.0696 | H14: 153.68159 | I14: Long | J14: Lat | K14: Approximate Location | L14: Automatic | M14: Diagnostic | N14: Active
A15: 43569.4 | B15: UnidentifiedDrivingCompliance | C15: Vehicle 4 | D15: bE | E15: Entire Organization | F15: awhyQi7q9bEWE-gSwSMC2bw | G15: 60532.684 | H15: 12.253441 | I15: Long | J15: Lat | K15: Approximate Location | L15: Automatic | M15: Diagnostic | N15: Active
A16: 43569.461 | B16: UnidentifiedDrivingCompliance | C16: Vehicle 5 | D16: b3A | E16: Entire Organization | F16: akOw24xqhUkOcERFjlY4Bqg | G16: 82226.672 | H16: 22.493639 | I16: Long | J16: Lat | K16: Approximate Location | L16: Automatic | M16: Diagnostic | N16: Active
A17: 43570.243 | B17: UnidentifiedDrivingCompliance | C17: Vehicle 4 | D17: bE | E17: Entire Organization | F17: aalu5Rhyeake5hhB8Y-KB7g | G17: 60544.934 | H17: 28.796827 | I17: Long | J17: Lat | K17: Approximate Location | L17: Automatic | M17: Diagnostic | N17: Active
A18: 43570.383 | B18: UnidentifiedDrivingCompliance | C18: Vehicle 1 | D18: b5 | E18: Entire Organization | F18: aElJszqzV20aS5BPxYBzgAw | G18: 12342.507 | H18: 33.115356 | I18: Long | J18: Lat | K18: Approximate Location | L18: Automatic | M18: Diagnostic | N18: Active
A19: 43570.4 | B19: UnidentifiedDrivingCompliance | C19: Vehicle 3 | D19: b5F | E19: Entire Organization | F19: atueKbvDrxEy2R2vWqgLtQA | G19: 116750.42 | H19: 19.645273 | I19: Long | J19: Lat | K19: Approximate Location | L19: Automatic | M19: Diagnostic | N19: Active
A20: 43570.688 | B20: UnidentifiedDrivingCompliance | C20: Vehicle 5 | D20: b3A | E20: Entire Organization | F20: ayysOa9-p00WyOLiQwZEeaA | G20: 82249.172 | H20: 5.7787523 | I20: Long | J20: Lat | K20: Approximate Location | L20: Automatic | M20: Diagnostic | N20: Active
A21: 43570.765 | B21: UnidentifiedDrivingCompliance | C21: Vehicle 3 | D21: b5F | E21: Entire Organization | F21: aq3Ejnj27O0yBFIIXCAY4Uw | G21: 116770.07 | H21: 93.832024 | I21: Long | J21: Lat | K21: Approximate Location | L21: Automatic | M21: Diagnostic | N21: Active
A22: 43571.27 | B22: UnidentifiedDrivingCompliance | C22: Vehicle 1 | D22: b5 | E22: Entire Organization | F22: aN17WKQKekkKruoU-MEBbVg | G22: 12375.622 | H22: 31.837818 | I22: Long | J22: Lat | K22: Approximate Location | L22: Automatic | M22: Diagnostic | N22: Active
... A42: 43572.851 | B42: DataTransferCompliance | C42: Vehicle 7 | D42: b55 | E42: Entire Organization | F42: aVehicle 8N1-YoSEUW-N6efb6wDrw | G42: 16944.523 | H42: 0 | I42: Long | J42: Lat | K42: Approximate Location | L42: Automatic | M42: SystemDiagnosticClear | N42: Active
A43: 43572.858 | B43: DataTransferCompliance | C43: Vehicle 9 | D43: b52 | E43: Entire Organization | F43: aVehicle 8ZLrx64QEi4Y2YSqaVhMg | G43: 309.43152 | I43: Long | J43: Lat | K43: Approximate Location | L43: Automatic | M43: SystemDiagnosticClear | N43: Active
A44: 43572.902 | B44: DataTransferCompliance | C44: Vehicle 7 | D44: b55 | E44: Entire Organization | F44: aoChZ_ndLNUCj92qfSugQxQ | G44: 16944.523 | H44: 47.96986 | I44: Long | J44: Lat | K44: Approximate Location | L44: Automatic | M44: SystemDiagnosticClear | N44: Active
A45: 43573.271 | B45: UnidentifiedDrivingCompliance | C45: Vehicle 4 | D45: bE | E45: Entire Organization | F45: aJ5F9BXFNS0CMMKdJwy69PQ | G45: 60600.348 | H45: 13.337111 | I45: Long | J45: Lat | K45: Approximate Location | L45: Automatic | M45: Diagnostic | N45: Active
A46: 43573.282 | B46: UnidentifiedDrivingCompliance | C46: Vehicle 1 | D46: b5 | E46: Entire Organization | F46: aQKRCxk9AO0e3XnljaTWFYg | G46: 12445.402 | H46: 48.169941 | I46: Long | J46: Lat | K46: Approximate Location | L46: Automatic | M46: Diagnostic | N46: Active
A47: 43573.286 | B47: UnidentifiedDrivingCompliance | C47: Vehicle 6 | D47: b60 | E47: Entire Organization | F47: al5mhfyfoXUGWfwEAhvA7vg | G47: 118566.76 | H47: 14.81349 | I47: Long | J47: Lat | K47: Approximate Location | L47: Automatic | M47: Diagnostic | N47: Active
A48: 43573.491 | B48: PowerCompliance | C48: Vehicle 3 | D48: b5F | E48: Entire Organization | F48: aP2KHNXDO_E-Sy7mdQ9Df1g | G48: 116863.9 | H48: 0 | I48: Long | J48: Lat | K48: Approximate Location | L48: Automatic | M48: Diagnostic | N48: Active
A49: 43573.491 | B49: PowerCompliance | C49: Vehicle 3 | D49: b5F | E49: Entire Organization | F49: aa-sjC2_2DUqWBLK0cswaTA | G49: 116863.9 | H49: 266.20538 | I49: Long | J49: Lat | K49: Approximate Location | L49: Automatic | M49: SystemDiagnosticClearDriving | N49: Active
A50: 43573.496 | B50: PowerCompliance | C50: Vehicle 6 | D50: b60 | E50: Entire Organization | F50: af2ejjaeaOEO2_lGPe6K8iA | G50: 118581.57 | H50: 0 | I50: Long | J50: Lat | K50: Approximate Location | L50: Automatic | M50: Diagnostic | N50: Active
A51: 43573.497 | B51: PowerCompliance | C51: Vehicle 6 | D51: b60 | E51: Entire Organization | F51: aSQTHcaWuJkqIQ2WRloHLqQ | G51: 118581.57 | H51: 52.215065 | I51: Long | J51: Lat | K51: Approximate Location | L51: Automatic | M51: SystemDiagnosticClearDriving | N51: Active
A52: 43573.51 | B52: PowerCompliance | C52: Vehicle 5 | D52: b3A | E52: Entire Organization | F52: aywyPRzJ5gU-80bzo7_rZ2Q | G52: 82278.5 | H52: 0 | I52: Long | J52: Lat | K52: Approximate Location | L52: Automatic | M52: Diagnostic | N52: Active
A53: 43573.51 | B53: PowerCompliance | C53: Vehicle 5 | D53: b3A | E53: Entire Organization | F53: a-CEOO9iHFUC-WhUWB6R1Jw | G53: 82278.5 | H53: 65.308601 | I53: Long | J53: Lat | K53: Approximate Location | L53: Automatic | M53: SystemDiagnosticClearDriving | N53: Active
A54: 43574.3 | B54: UnidentifiedDrivingCompliance | C54: Vehicle 6 | D54: b60 | E54: Entire Organization | F54: aeD8D4mm6E0CK2Z0XAz1ryA | G54: 118633.78 | H54: 49.988071 | I54: Long | J54: Lat | K54: Approximate Location | L54: Automatic | M54: Diagnostic | N54: Active
A55: 43574.552 | B55: UnidentifiedDrivingCompliance | C55: Vehicle 4 | D55: bE | E55: Entire Organization | F55: aP7zoZY9an0eQbIfO3wqLYA | G55: 60613.684 | H55: 9.7778978 | I55: Long | J55: Lat | K55: Approximate Location | L55: Automatic | M55: Diagnostic | N55: Active
... A117: 43581.341 | B117: DataTransferCompliance | C117: Vehicle 10 | D117: b61 | E117: Entire Organization | F117: aAOKhykhzWkWJBh7WO9hgWQ | G117: 93240.047 | H117: 17.025572 | I117: Long | J117: Lat | K117: Approximate Location | L117: Automatic | M117: Malfunction | N117: Active
A118: 43581.399 | B118: DataTransferCompliance | C118: Vehicle 11 | D118: b3C | E118: Entire Organization | F118: aC1N6WqfBiUy0ZCbXCoSUlw | G118: 947.52985 | I118: Long | J118: Lat | K118: Approximate Location | L118: Automatic | M118: SystemDiagnosticClear | N118: Active
A119: 43581.566 | B119: DataTransferCompliance | C119: Vehicle 8 | D119: b1 | E119: Entire Organization | F119: aK7SKxY3xdUyreb9fpK7KCQ | G119: 67050.57 | H119: 119.30328 | I119: Long | J119: Lat | K119: Approximate Location | L119: Automatic | M119: SystemDiagnosticClear | N119: Active
A120: 43581.596 | B120: UnidentifiedDrivingCompliance | C120: Vehicle 1 | D120: b5 | E120: Entire Organization | F120: aBj8h1VzUMkqlPKlYoahG5g | G120: 12635.019 | H120: 24.002327 | I120: Long | J120: Lat | K120: Approximate Location | L120: Automatic | M120: Diagnostic | N120: Active
A121: 43581.612 | B121: UnidentifiedDrivingCompliance | C121: Vehicle 6 | D121: b60 | E121: Entire Organization | F121: aQaAWykVuFUu2UXmYmf8I9A | G121: 119074.73 | H121: 36.129009 | I121: Long | J121: Lat | K121: Approximate Location | L121: Automatic | M121: Diagnostic | N121: Active
A122: 43581.92 | B122: UnidentifiedDrivingCompliance | C122: Vehicle 6 | D122: b60 | E122: Entire Organization | F122: aRDyqJSXsWEa1lVUFGJjBOg | G122: 119110.86 | H122: 32.907822 | I122: Long | J122: Lat | K122: Approximate Location | L122: Automatic | M122: Diagnostic | N122: Active
A123: 43582.369 | B123: UnidentifiedDrivingCompliance | C123: Vehicle 4 | D123: bE | E123: Entire Organization | F123: aNuj6O8ulQkaNMONI6mBvqQ | G123: 60720.512 | H123: 12.188818 | I123: Long | J123: Lat | K123: Approximate Location | L123: Automatic | M123: Diagnostic | N123: Active
A124: 43582.422 | B124: UnidentifiedDrivingCompliance | C124: Vehicle 1 | D124: b5 | E124: Entire Organization | F124: axbWGDkAv-0KOm4u65KmWsg | G124: 12659.021 | H124: 23.895452 | I124: Long | J124: Lat | K124: Approximate Location | L124: Automatic | M124: Diagnostic | N124: Active
A125: 43582.765 | B125: UnidentifiedDrivingCompliance | C125: Vehicle 4 | D125: bE | E125: Entire Organization | F125: aHPKPVyTfFEqWNO1hcA_K4Q | G125: 60732.699 | H125: 35.418159 | I125: Long | J125: Lat | K125: Approximate Location | L125: Automatic | M125: Diagnostic | N125: Active
A126: 43583.528 | B126: UnidentifiedDrivingCompliance | C126: Vehicle 6 | D126: b60 | E126: Entire Organization | F126: azcm-XzupAUW7vRUSuAm38A | G126: 119143.77 | H126: 17.73642 | I126: Long | J126: Lat | K126: Approximate Location | L126: Automatic | M126: Diagnostic | N126: Active
A127: 43584.298 | B127: UnidentifiedDrivingCompliance | C127: Vehicle 6 | D127: b60 | E127: Entire Organization | F127: areW52S9KbEq4PraprANO9g | G127: 119161.5 | H127: 62.435379 | I127: Long | J127: Lat | K127: Approximate Location | L127: Automatic | M127: Diagnostic | N127: Active
A128: 43584.351 | B128: UnidentifiedDrivingCompliance | C128: Vehicle 4 | D128: bE | E128: Entire Organization | F128: aWBqJp_QT6E250RMhz35j8w | G128: 60768.117 | H128: 21.564066 | I128: Long | J128: Lat | K128: Approximate Location | L128: Automatic | M128: Diagnostic | N128: Active
A129: 43584.365 | B129: DataTransferCompliance | C129: Vehicle 10 | D129: b61 | E129: Entire Organization | F129: azR1uAu-l_0iqoKvQjOslpg | G129: 93257.07 | H129: 0 | I129: Long | J129: Lat | K129: Approximate Location | L129: Automatic | M129: Malfunction | N129: Active
A130: 43584.465 | B130: DataTransferCompliance | C130: Vehicle 10 | D130: b61 | E130: Entire Organization | F130: aIl-qPYLes0qEydk_YhtqMA | G130: 93257.07 | H130: 16.108427 | I130: Long | J130: Lat | K130: Approximate Location | L130: Automatic | M130: Malfunction | N130: Active
... A151: 43588.334 | B151: UnidentifiedDrivingCompliance | C151: Vehicle 2 | D151: b4E | E151: Entire Organization | F151: avkMO88wg6kmYA_zQWc99ow | G151: 3448.8601 | H151: 57.640236 | I151: Long | J151: Lat | K151: Approximate Location | L151: Automatic | M151: Diagnostic | N151: Active
A152: 43588.362 | B152: DataTransferCompliance | C152: Vehicle 12 | D152: b41 | E152: Entire Organization | F152: aIJ5gJIVjAEKo-JPJ9XxEQQ | G152: 107497.22 | I152: Long | J152: Lat | K152: Approximate Location | L152: Automatic | M152: SystemDiagnosticClear | N152: Active
A153: 43588.365 | B153: DataTransferCompliance | C153: Vehicle 9 | D153: NoDeviceId | E153: Entire Organization | F153: aI2JoUgmkUk2Z5wK9TCZTRg | G153: 0 | H153: 0 | I153: Long | J153: Lat | K153: Approximate Location | L153: Automatic | M153: SystemDiagnosticClear | N153: Active
A154: 43588.536 | B154: DataTransferCompliance | C154: Vehicle 5 | D154: b3A | E154: Entire Organization | F154: ahyxFR8y3V0WZGDCCC1Jzng | G154: 82414.828 | H154: 0 | I154: Long | J154: Lat | K154: Approximate Location | L154: Automatic | M154: SystemDiagnosticClear | N154: Active
A155: 43588.536 | B155: DataTransferCompliance | C155: Vehicle 5 | D155: b3A | E155: Entire Organization | F155: aywf6i-gt30utRsdpMp-HtA | G155: 82414.828 | H155: 23.537542 | I155: Long | J155: Lat | K155: Approximate Location | L155: Automatic | M155: SystemDiagnosticClear | N155: Active
A156: 43588.537 | B156: UnidentifiedDrivingCompliance | C156: Vehicle 10 | D156: b61 | E156: Entire Organization | F156: aijCGwi1LIEariVOnxuTAbQ | G156: 93295.844 | H156: 15.250936 | I156: Long | J156: Lat | K156: Approximate Location | L156: Automatic | M156: Diagnostic | N156: Active
A157: 43588.554 | B157: UnidentifiedDrivingCompliance | C157: Vehicle 4 | D157: bE | E157: Entire Organization | F157: anAJK0qLxnUGKcLso7W9EbA | G157: 60808.496 | H157: 6.9443369 | I157: Long | J157: Lat | K157: Approximate Location | L157: Automatic | M157: Diagnostic | N157: Active
A158: 43588.594 | B158: UnidentifiedDrivingCompliance | C158: Vehicle 1 | D158: b5 | E158: Entire Organization | F158: a6g3bLSmmokiDWvowBbQRWg | G158: 12799.085 | H158: 34.363071 | I158: Long | J158: Lat | K158: Approximate Location | L158: Automatic | M158: Diagnostic | N158: Active
A159: 43589.184 | B159: UnidentifiedDrivingCompliance | C159: Vehicle 2 | D159: b4E | E159: Entire Organization | F159: a-8vl-0YMckS3uhDFBtEwYA | G159: 3506.5002 | H159: 106.99995 | I159: Long | J159: Lat | K159: Approximate Location | L159: Automatic | M159: Diagnostic | N159: Active
A160: 43589.38 | B160: UnidentifiedDrivingCompliance | C160: Vehicle 10 | D160: b61 | E160: Entire Organization | F160: anUxI6GAMokeiSXbqMQA5Dg | G160: 93311.094 | H160: 109.27186 | I160: Long | J160: Lat | K160: Approximate Location | L160: Automatic | M160: Diagnostic | N160: Active
A161: 43589.407 | B161: UnidentifiedDrivingCompliance | C161: Vehicle 6 | D161: b60 | E161: Entire Organization | F161: aQH1I4Qs4GUmJniHcS7PGOg | G161: 119483.09 | H161: 25.023861 | I161: Long | J161: Lat | K161: Approximate Location | L161: Automatic | M161: Diagnostic | N161: Active
A162: 43589.429 | B162: DataTransferCompliance | C162: Vehicle 8 | D162: b1 | E162: Entire Organization | F162: aYYSKXkbxOkGh527qF2V_Pw | G162: 67191 | H162: 1.2427424 | I162: Long | J162: Lat | K162: Approximate Location | L162: Automatic | M162: SystemDiagnosticClear | N162: Active
A163: 43589.558 | B163: DataTransferCompliance | C163: Vehicle 9 | D163: NoDeviceId | E163: Entire Organization | F163: a0LjeTT5-7UOnAOciRbAbpw | G163: 0 | H163: 0 | I163: Long | J163: Lat | K163: Approximate Location | L163: Automatic | M163: SystemDiagnosticClear | N163: Active
A164: 43589.67 | B164: UnidentifiedDrivingCompliance | C164: Vehicle 1 | D164: b5 | E164: Entire Organization | F164: avsFVdpeEDEWQB2YidjOXFA | G164: 12833.448 | H164: 15.57902 | I164: Long | J164: Lat | K164: Approximate Location | L164: Automatic | M164: Diagnostic | N164: Active
... A204: 43593.39 | B204: PowerCompliance | C204: Vehicle 7 | D204: b55 | E204: Entire Organization | F204: a63LeWJYuQE-h_jmnn_0kJg | G204: 17401.572 | H204: -0.2743876 | I204: Long | J204: Lat | K204: Approximate Location | L204: Automatic | M204: SystemDiagnosticClearDriving | N204: Active
A205: 43593.398 | B205: DataTransferCompliance | C205: Vehicle 7 | D205: b55 | E205: Entire Organization | F205: aLmjSmU_eJUirFyVYAJAmxA | G205: 17401.297 | I205: Long | J205: Lat | K205: Approximate Location | L205: Automatic | M205: SystemDiagnosticClear | N205: Active
A206: 43593.492 | B206: DataTransferCompliance | C206: Vehicle 2 | D206: b4E | E206: Entire Organization | F206: aBKX0Gf_o1U-0mbHRdqCgaw | G206: 3710.3247 | H206: 0 | I206: Long | J206: Lat | K206: Approximate Location | L206: Automatic | M206: SystemDiagnosticClear | N206: Active
A207: 43593.493 | B207: DataTransferCompliance | C207: Vehicle 2 | D207: b4E | E207: Entire Organization | F207: apjv4tVf-AUqf2QqDRu9SYA | G207: 3710.3247 | H207: 53.920055 | I207: Long | J207: Lat | K207: Approximate Location | L207: Automatic | M207: SystemDiagnosticClear | N207: Active
A208: 43593.56 | B208: UnidentifiedDrivingCompliance | C208: Vehicle 10 | D208: b61 | E208: Entire Organization | F208: adbOcuDNLb0WsVpvp8wZngQ | G208: 93505.227 | H208: 23.194546 | I208: Long | J208: Lat | K208: Approximate Location | L208: Automatic | M208: Diagnostic | N208: Active
A209: 43593.612 | B209: UnidentifiedDrivingCompliance | C209: Vehicle 1 | D209: b5 | E209: Entire Organization | F209: atY2GCcYbdESpediRCGnp8w | G209: 12907.373 | H209: 26.471657 | I209: Long | J209: Lat | K209: Approximate Location | L209: Automatic | M209: Diagnostic | N209: Active
A210: 43593.683 | B210: UnidentifiedDrivingCompliance | C210: Vehicle 5 | D210: b3A | E210: Entire Organization | F210: awrW7EieVMUm9BT0XqKoh6A | G210: 82487.477 | H210: 11.025611 | I210: Long | J210: Lat | K210: Approximate Location | L210: Automatic | M210: Diagnostic | N210: Active
A211: 43593.743 | B211: UnidentifiedDrivingCompliance | C211: Vehicle 6 | D211: b60 | E211: Entire Organization | F211: aKNGoO7TqUk6wDgl2hOByMw | G211: 119704.2 | H211: 72.317665 | I211: Long | J211: Lat | K211: Approximate Location | L211: Automatic | M211: Diagnostic | N211: Active
A212: 43594.279 | B212: DataTransferCompliance | C212: Vehicle 2 | D212: b4E | E212: Entire Organization | F212: aHzlD2r6d2UCIl__k3y4J0Q | G212: 3764.2446 | H212: 0 | I212: Long | J212: Lat | K212: Approximate Location | L212: Automatic | M212: SystemDiagnosticClear | N212: Active
A213: 43594.279 | B213: DataTransferCompliance | C213: Vehicle 2 | D213: b4E | E213: Entire Organization | F213: a6L74YYgcwEu5fcd38ooUEw | G213: 3764.2446 | H213: 15.565653 | I213: Long | J213: Lat | K213: Approximate Location | L213: Automatic | M213: SystemDiagnosticClear | N213: Active
A214: 43594.303 | B214: DataTransferCompliance | C214: Vehicle 8 | D214: b1 | E214: Entire Organization | F214: ahoDNfWbTVEKhYAfJf8oSwQ | G214: 67195.82 | H214: 0 | I214: Long | J214: Lat | K214: Approximate Location | L214: Automatic | M214: SystemDiagnosticClear | N214: Active
A215: 43594.373 | B215: UnidentifiedDrivingCompliance | C215: Vehicle 1 | D215: b5 | E215: Entire Organization | F215: aZF8DJrW4-0SStNIjVLOJZQ | G215: 12933.845 | H215: 32.889244 | I215: Long | J215: Lat | K215: Approximate Location | L215: Automatic | M215: Diagnostic | N215: Active
A216: 43594.41 | B216: DataTransferCompliance | C216: Vehicle 8 | D216: b1 | E216: Entire Organization | F216: a6vigBV5Bg0Sy8r-wpOD0LQ | G216: 67195.82 | H216: 0.15124677 | I216: Long | J216: Lat | K216: Approximate Location | L216: Automatic | M216: SystemDiagnosticClear | N216: Active
A217: 43594.421 | B217: UnidentifiedDrivingCompliance | C217: Vehicle 10 | D217: b61 | E217: Entire Organization | F217: aQg0Yx-6KGUa6e5gETVV4yQ | G217: 93528.422 | H217: 34.617832 | I217: Long | J217: Lat | K217: Approximate Location | L217: Automatic | M217: Diagnostic | N217: Active
... A231: 43595.341 | B231: UnidentifiedDrivingCompliance | C231: Vehicle 10 | D231: b61 | E231: Entire Organization | F231: afde5DZip7EOi74XNL73rEw | G231: 93563.039 | H231: 10.6851 | I231: Long | J231: Lat | K231: Approximate Location | L231: Automatic | M231: Diagnostic | N231: Active
A232: 43595.381 | B232: DataTransferCompliance | C232: Vehicle 8 | D232: b1 | E232: Entire Organization | F232: a59pA3tTJ_0quOTfy6l_Ghg | G232: 67199.922 | I232: Long | J232: Lat | K232: Approximate Location | L232: Automatic | M232: SystemDiagnosticClear | N232: Active
A233: 43595.628 | B233: UnidentifiedDrivingCompliance | C233: Vehicle 1 | D233: b5 | E233: Entire Organization | F233: aN_soy0AINkSY-nwmXou0rg | G233: 12970.682 | H233: 19.042091 | I233: Long | J233: Lat | K233: Approximate Location | L233: Automatic | M233: Diagnostic | N233: Active
A234: 43595.644 | B234: PowerCompliance | C234: Vehicle 3 | D234: b5F | E234: Entire Organization | F234: aUgClH-UxJ02871EeXTK0Iw | G234: 117716.11 | H234: 0.051039446 | I234: Long | J234: Lat | K234: Approximate Location | L234: Automatic | M234: Diagnostic | N234: Active
A235: 43595.644 | B235: PowerCompliance | C235: Vehicle 3 | D235: b5F | E235: Entire Organization | F235: avHRG4bvQmkioJQyg8p6WiQ | G235: 117716.16 | H235: 1.3137972 | I235: Long | J235: Lat | K235: Approximate Location | L235: Automatic | M235: SystemDiagnosticClearDriving | N235: Active
A236: 43595.646 | B236: PowerCompliance | C236: Vehicle 3 | D236: b5F | E236: Entire Organization | F236: aN879cxgfCUeS9ZMzKk0aHg | G236: 117717.47 | H236: 0.064449601 | I236: Long | J236: Lat | K236: Approximate Location | L236: Automatic | M236: Diagnostic | N236: Active
A237: 43595.646 | B237: PowerCompliance | C237: Vehicle 3 | D237: b5F | E237: Entire Organization | F237: a9ti8na0WwEO0P2E0DmccCA | G237: 117717.54 | H237: 24.865364 | I237: Long | J237: Lat | K237: Approximate Location | L237: Automatic | M237: SystemDiagnosticClearDriving | N237: Active
A238: 43595.676 | B238: UnidentifiedDrivingCompliance | C238: Vehicle 5 | D238: b3A | E238: Entire Organization | F238: a4WAS3-wbH0Cg3WJakylD1A | G238: 82511.484 | I238: Long | J238: Lat | K238: Approximate Location | L238: Automatic | M238: Diagnostic | N238: Active
A239: 43595.722 | B239: DataTransferCompliance | C239: Vehicle 9 | D239: NoDeviceId | E239: Entire Organization | F239: aioHr-H-F-UWNbChk-5LXkw | G239: 0 | H239: 0 | I239: Long | J239: Lat | K239: Approximate Location | L239: Automatic | M239: SystemDiagnosticClear | N239: Active
A240: 43595.734 | B240: PowerCompliance | C240: Vehicle 3 | D240: b5F | E240: Entire Organization | F240: aajL9A65RTEKR16fbW_njLA | G240: 117742.41 | H240: 0.14209385 | I240: Long | J240: Lat | K240: Approximate Location | L240: Automatic | M240: Diagnostic | N240: Active
A241: 43595.735 | B241: PowerCompliance | C241: Vehicle 3 | D241: b5F | E241: Entire Organization | F241: aVs3i3d2TsEO35q5L-TCr6Q | G241: 117742.55 | H241: 95.495361 | I241: Long | J241: Lat | K241: Approximate Location | L241: Automatic | M241: SystemDiagnosticClearDriving | N241: Active
A242: 43596.429 | B242: UnidentifiedDrivingCompliance | C242: Vehicle 1 | D242: b5 | E242: Entire Organization | F242: aavG2CMq6HEOE1WxPWFeIog | G242: 12989.724 | H242: 53.95113 | I242: Long | J242: Lat | K242: Approximate Location | L242: Automatic | M242: Diagnostic | N242: Active
A243: 43596.606 | B243: UnidentifiedDrivingCompliance | C243: Vehicle 6 | D243: b60 | E243: Entire Organization | F243: ayczXSGnG4k67EJV-EKuQkg | G243: 119847.91 | H243: 27.58791 | I243: Long | J243: Lat | K243: Approximate Location | L243: Automatic | M243: Diagnostic | N243: Active
A244: 43597.268 | B244: DataTransferCompliance | C244: Vehicle 9 | D244: NoDeviceId | E244: Entire Organization | F244: ax-yH_CEYXkqlnWmBcBcGEg | G244: 0 | I244: Long | J244: Lat | K244: Approximate Location | L244: Automatic | M244: SystemDiagnosticClear | N244: Active
A245: 43597.283 | B245: UnidentifiedDrivingCompliance | C245: Vehicle 10 | D245: b61 | E245: Entire Organization | F245: abNuPq9iRbEqVl66BHVMJFQ | G245: 93573.719 | H245: 27.093184 | I245: Long | J245: Lat | K245: Approximate Location | L245: Automatic | M245: Diagnostic | N245: Active
A246: 43597.496 | B246: UnidentifiedDrivingCompliance | C246: Vehicle 1 | D246: b5 | E246: Entire Organization | F246: ajFzHlE3nc0WfAmsJA8NE9A | G246: 13043.675 | H246: 51.165257 | I246: Long | J246: Lat | K246: Approximate Location | L246: Automatic | M246: Diagnostic | N246: Active
A247: 43597.532 | B247: UnidentifiedDrivingCompliance | C247: Vehicle 6 | D247: b60 | E247: Entire Organization | F247: a-N2YBJL1bk2vcdAQ_Uy8RQ | G247: 119875.49 | H247: 40.147312 | I247: Long | J247: Lat | K247: Approximate Location | L247: Automatic | M247: Diagnostic | N247: Active
A248: 43597.847 | B248: PowerCompliance | C248: Vehicle 3 | D248: b5F | E248: Entire Organization | F248: aNoDbXVfDOE64XQ52Ea-DQg | G248: 117838.04 | H248: 0.0177698 | I248: Long | J248: Lat | K248: Approximate Location | L248: Automatic | M248: Diagnostic | N248: Active
A249: 43597.847 | B249: PowerCompliance | C249: Vehicle 3 | D249: b5F | E249: Entire Organization | F249: aE5GxAYTow0ykYs4maiT3pQ | G249: 117838.05 | H249: 8.5261278 | I249: Long | J249: Lat | K249: Approximate Location | L249: Automatic | M249: SystemDiagnosticClearDriving | N249: Active
A250: 43597.871 | B250: PowerCompliance | C250: Vehicle 3 | D250: b5F | E250: Entire Organization | F250: aWbKDF2V6HEadtgog5vfSvw | G250: 117846.59 | H250: 0.001723442 | I250: Long | J250: Lat | K250: Approximate Location | L250: Automatic | M250: Diagnostic | N250: Active
A251: 43597.871 | B251: PowerCompliance | C251: Vehicle 3 | D251: b5F | E251: Entire Organization | F251: arfObmF9rJE-grxGQRzrO-g | G251: 117846.59 | H251: 8.0700998 | I251: Long | J251: Lat | K251: Approximate Location | L251: Automatic | M251: SystemDiagnosticClearDriving | N251: Active
A252: 43598.257 | B252: UnidentifiedDrivingCompliance | C252: Vehicle 4 | D252: bE | E252: Entire Organization | F252: aRwLCTBenN0eEEFfNtZDo0g | G252: 60984.066 | H252: -47889224 | I252: Long | J252: Lat | K252: Approximate Location | L252: Automatic | M252: Diagnostic | N252: Active
...

Sheet Report
A1: **Diagnostic & Malfunction Events | C1: =Data!B2 -> 43598.449
A2: =Data!B1 -> ABC Company
A4: **Date
A5: **From | B5: =Data!B3 -> 43568.449
A6: **To | B6: =Data!B4 -> 43598.449
A7: **Days | B7: =B6-B5 -> 30
A9: **Distance Unit | B9: =Data!B5 -> miles
A10: **Total Row Count | B10: =COUNTA(E:E)+11 -> 260
A12: **Vehicle | B12: **Date | C12: **Status | D12: **Short Status | E12: **Vehicle & Type | F12: Next Row | G12: Malf/Diag | H12: **Clear | I12: **Type | J12: Include | K12: Active | L12: Malfunction | M12: **Longitude | N12: **Latitude | O12: **Address | P12: **Odometer | Q12: **Distance
A13: =Data!C11 -> Vehicle 1 | B13: =Data!A11 -> 43568.615 | C13: =Data!B11 -> UnidentifiedDrivingCompliance | D13: =IF(C13="PowerCompliance","Power",IF(C13="PositioningCompliance","Positioning",IF(C13="EngineSyncCompliance","Engine Sync",IF(C13="UnidentifiedDrivingCompliance","Unidentified Driving",IF(C13="DataRecordingCompliance","Data Recording",IF(C13="DataTransferCompliance","Data Transfer",IF(C13="MissingElementCompliance","Missing Element",IF(C13="OtherCompliance","Other",IF(C13="TimingCompliance","Timing",""))))))))) -> Unidentified Driving | E13: =A13&" "&D13&" "&G13 -> Vehicle 1 Unidentified Driving Diagnostic | F13: =MATCH(E13,INDIRECT("E"&ROW(E13)+1&":E"&$B$10),0) -> 7 | G13: =IF(ISNUMBER(SEARCH("Diagnostic",I13))=TRUE,"Diagnostic","Malfunction") -> Diagnostic | H13: =IF(OR(ISNUMBER(SEARCH("clear",INDIRECT("H"&ROW(I13)+F13))),ISNUMBER(SEARCH("clear",I13))),"Cleared","Active") -> Active | I13: =Data!M11 -> Diagnostic | J13: =ISERROR(F13) -> FALSE | K13: =IF(H13="Active",TRUE,FALSE) -> TRUE | L13: =IF(G13="Malfunction",TRUE,FALSE) -> FALSE | M13: =Data!I11 -> Long | N13: =Data!J11 -> Lat | O13: =Data!K11 -> Approximate Location | P13: =Data!G11 -> 12321.004 | Q13: =Data!H11 -> 21.503172
A14: =Data!C12 -> Vehicle 2 | B14: =Data!A12 -> 43568.664 | C14: =Data!B12 -> UnidentifiedDrivingCompliance | D14: =IF(C14="PowerCompliance","Power",IF(C14="PositioningCompliance","Positioning",IF(C14="EngineSyncCompliance","Engine Sync",IF(C14="UnidentifiedDrivingCompliance","Unidentified Driving",IF(C14="DataRecordingCompliance","Data Recording",IF(C14="DataTransferCompliance","Data Transfer",IF(C14="MissingElementCompliance","Missing Element",IF(C14="OtherCompliance","Other",IF(C14="TimingCompliance","Timing",""))))))))) -> Unidentified Driving | E14: =A14&" "&D14&" "&G14 -> Vehicle 2 Unidentified Driving Diagnostic | F14: =MATCH(E14,INDIRECT("E"&ROW(E14)+1&":E"&$B$10),0) -> 2 | G14: =IF(ISNUMBER(SEARCH("Diagnostic",I14))=TRUE,"Diagnostic","Malfunction") -> Diagnostic | H14: =IF(OR(ISNUMBER(SEARCH("clear",INDIRECT("H"&ROW(I14)+F14))),ISNUMBER(SEARCH("clear",I14))),"Cleared","Active") -> Active | I14: =Data!M12 -> Diagnostic | J14: =ISERROR(F14) -> FALSE | K14: =IF(H14="Active",TRUE,FALSE) -> TRUE | L14: =IF(G14="Malfunction",TRUE,FALSE) -> FALSE | M14: =Data!I12 -> Long | N14: =Data!J12 -> Lat | O14: =Data!K12 -> Approximate Location | P14: =Data!G12 -> 2990.0286 | Q14: =Data!H12 -> 16.041061
A15: =Data!C13 -> Vehicle 3 | B15: =Data!A13 -> 43568.82 | C15: =Data!B13 -> UnidentifiedDrivingCompliance | D15: =IF(C15="PowerCompliance","Power",IF(C15="PositioningCompliance","Positioning",IF(C15="EngineSyncCompliance","Engine Sync",IF(C15="UnidentifiedDrivingCompliance","Unidentified Driving",IF(C15="DataRecordingCompliance","Data Recording",IF(C15="DataTransferCompliance","Data Transfer",IF(C15="MissingElementCompliance","Missing Element",IF(C15="OtherCompliance","Other",IF(C15="TimingCompliance","Timing",""))))))))) -> Unidentified Driving | E15: =A15&" "&D15&" "&G15 -> Vehicle 3 Unidentified Driving Diagnostic | F15: =MATCH(E15,INDIRECT("E"&ROW(E15)+1&":E"&$B$10),0) -> 6 | G15: =IF(ISNUMBER(SEARCH("Diagnostic",I15))=TRUE,"Diagnostic","Malfunction") -> Diagnostic | H15: =IF(OR(ISNUMBER(SEARCH("clear",INDIRECT("H"&ROW(I15)+F15))),ISNUMBER(SEARCH("clear",I15))),"Cleared","Active") -> Active | I15: =Data!M13 -> Diagnostic | J15: =ISERROR(F15) -> FALSE | K15: =IF(H15="Active",TRUE,FALSE) -> TRUE | L15: =IF(G15="Malfunction",TRUE,FALSE) -> FALSE | M15: =Data!I13 -> Long | N15: =Data!J13 -> Lat | O15: =Data!K13 -> Approximate Location | P15: =Data!G13 -> 116631.19 | Q15: =Data!H13 -> 119.23368
A16: =Data!C14 -> Vehicle 2 | B16: =Data!A14 -> 43568.959 | C16: =Data!B14 -> UnidentifiedDrivingCompliance | D16: =IF(C16="PowerCompliance","Power",IF(C16="PositioningCompliance","Positioning",IF(C16="EngineSyncCompliance","Engine Sync",IF(C16="UnidentifiedDrivingCompliance","Unidentified Driving",IF(C16="DataRecordingCompliance","Data Recording",IF(C16="DataTransferCompliance","Data Transfer",IF(C16="MissingElementCompliance","Missing Element",IF(C16="OtherCompliance","Other",IF(C16="TimingCompliance","Timing",""))))))))) -> Unidentified Driving | E16: =A16&" "&D16&" "&G16 -> Vehicle 2 Unidentified Driving Diagnostic | F16: =MATCH(E16,INDIRECT("E"&ROW(E16)+1&":E"&$B$10),0) -> 76 | G16: =IF(ISNUMBER(SEARCH("Diagnostic",I16))=TRUE,"Diagnostic","Malfunction") -> Diagnostic | H16: =IF(OR(ISNUMBER(SEARCH("clear",INDIRECT("H"&ROW(I16)+F16))),ISNUMBER(SEARCH("clear",I16))),"Cleared","Active") -> Active | I16: =Data!M14 -> Diagnostic | J16: =ISERROR(F16) -> FALSE | K16: =IF(H16="Active",TRUE,FALSE) -> TRUE | L16: =IF(G16="Malfunction",TRUE,FALSE) -> FALSE | M16: =Data!I14 -> Long | N16: =Data!J14 -> Lat | O16: =Data!K14 -> Approximate Location | P16: =Data!G14 -> 3006.0696 | Q16: =Data!H14 -> 153.68159
A17: =Data!C15 -> Vehicle 4 | B17: =Data!A15 -> 43569.4 | C17: =Data!B15 -> UnidentifiedDrivingCompliance | D17: =IF(C17="PowerCompliance","Power",IF(C17="PositioningCompliance","Positioning",IF(C17="EngineSyncCompliance","Engine Sync",IF(C17="UnidentifiedDrivingCompliance","Unidentified Driving",IF(C17="DataRecordingCompliance","Data Recording",IF(C17="DataTransferCompliance","Data Transfer",IF(C17="MissingElementCompliance","Missing Element",IF(C17="OtherCompliance","Other",IF(C17="TimingCompliance","Timing",""))))))))) -> Unidentified Driving | E17: =A17&" "&D17&" "&G17 -> Vehicle 4 Unidentified Driving Diagnostic | F17: =MATCH(E17,INDIRECT("E"&ROW(E17)+1&":E"&$B$10),0) -> 2 | G17: =IF(ISNUMBER(SEARCH("Diagnostic",I17))=TRUE,"Diagnostic","Malfunction") -> Diagnostic | H17: =IF(OR(ISNUMBER(SEARCH("clear",INDIRECT("H"&ROW(I17)+F17))),ISNUMBER(SEARCH("clear",I17))),"Cleared","Active") -> Active | I17: =Data!M15 -> Diagnostic | J17: =ISERROR(F17) -> FALSE | K17: =IF(H17="Active",TRUE,FALSE) -> TRUE | L17: =IF(G17="Malfunction",TRUE,FALSE) -> FALSE | M17: =Data!I15 -> Long | N17: =Data!J15 -> Lat | O17: =Data!K15 -> Approximate Location | P17: =Data!G15 -> 60532.684 | Q17: =Data!H15 -> 12.253441
A18: =Data!C16 -> Vehicle 5 | B18: =Data!A16 -> 43569.461 | C18: =Data!B16 -> UnidentifiedDrivingCompliance | D18: =IF(C18="PowerCompliance","Power",IF(C18="PositioningCompliance","Positioning",IF(C18="EngineSyncCompliance","Engine Sync",IF(C18="UnidentifiedDrivingCompliance","Unidentified Driving",IF(C18="DataRecordingCompliance","Data Recording",IF(C18="DataTransferCompliance","Data Transfer",IF(C18="MissingElementCompliance","Missing Element",IF(C18="OtherCompliance","Other",IF(C18="TimingCompliance","Timing",""))))))))) -> Unidentified Driving | E18: =A18&" "&D18&" "&G18 -> Vehicle 5 Unidentified Driving Diagnostic | F18: =MATCH(E18,INDIRECT("E"&ROW(E18)+1&":E"&$B$10),0) -> 4 | G18: =IF(ISNUMBER(SEARCH("Diagnostic",I18))=TRUE,"Diagnostic","Malfunction") -> Diagnostic | H18: =IF(OR(ISNUMBER(SEARCH("clear",INDIRECT("H"&ROW(I18)+F18))),ISNUMBER(SEARCH("clear",I18))),"Cleared","Active") -> Active | I18: =Data!M16 -> Diagnostic | J18: =ISERROR(F18) -> FALSE | K18: =IF(H18="Active",TRUE,FALSE) -> TRUE | L18: =IF(G18="Malfunction",TRUE,FALSE) -> FALSE | M18: =Data!I16 -> Long | N18: =Data!J16 -> Lat | O18: =Data!K16 -> Approximate Location | P18: =Data!G16 -> 82226.672 | Q18: =Data!H16 -> 22.493639
A19: =Data!C17 -> Vehicle 4 | B19: =Data!A17 -> 43570.243 | C19: =Data!B17 -> UnidentifiedDrivingCompliance | D19: =IF(C19="PowerCompliance","Power",IF(C19="PositioningCompliance","Positioning",IF(C19="EngineSyncCompliance","Engine Sync",IF(C19="UnidentifiedDrivingCompliance","Unidentified Driving",IF(C19="DataRecordingCompliance","Data Recording",IF(C19="DataTransferCompliance","Data Transfer",IF(C19="MissingElementCompliance","Missing Element",IF(C19="OtherCompliance","Other",IF(C19="TimingCompliance","Timing",""))))))))) -> Unidentified Driving | E19: =A19&" "&D19&" "&G19 -> Vehicle 4 Unidentified Driving Diagnostic | F19: =MATCH(E19,INDIRECT("E"&ROW(E19)+1&":E"&$B$10),0) -> 7 | G19: =IF(ISNUMBER(SEARCH("Diagnostic",I19))=TRUE,"Diagnostic","Malfunction") -> Diagnostic | H19: =IF(OR(ISNUMBER(SEARCH("clear",INDIRECT("H"&ROW(I19)+F19))),ISNUMBER(SEARCH("clear",I19))),"Cleared","Active") -> Active | I19: =Data!M17 -> Diagnostic | J19: =ISERROR(F19) -> FALSE | K19: =IF(H19="Active",TRUE,FALSE) -> TRUE | L19: =IF(G19="Malfunction",TRUE,FALSE) -> FALSE | M19: =Data!I17 -> Long | N19: =Data!J17 -> Lat | O19: =Data!K17 -> Approximate Location | P19: =Data!G17 -> 60544.934 | Q19: =Data!H17 -> 28.796827
A20: =Data!C18 -> Vehicle 1 | B20: =Data!A18 -> 43570.383 | C20: =Data!B18 -> UnidentifiedDrivingCompliance | D20: =IF(C20="PowerCompliance","Power",IF(C20="PositioningCompliance","Positioning",IF(C20="EngineSyncCompliance","Engine Sync",IF(C20="UnidentifiedDrivingCompliance","Unidentified Driving",IF(C20="DataRecordingCompliance","Data Recording",IF(C20="DataTransferCompliance","Data Transfer",IF(C20="MissingElementCompliance","Missing Element",IF(C20="OtherCompliance","Other",IF(C20="TimingCompliance","Timing",""))))))))) -> Unidentified Driving | E20: =A20&" "&D20&" "&G20 -> Vehicle 1 Unidentified Driving Diagnostic | F20: =MATCH(E20,INDIRECT("E"&ROW(E20)+1&":E"&$B$10),0) -> 4 | G20: =IF(ISNUMBER(SEARCH("Diagnostic",I20))=TRUE,"Diagnostic","Malfunction") -> Diagnostic | H20: =IF(OR(ISNUMBER(SEARCH("clear",INDIRECT("H"&ROW(I20)+F20))),ISNUMBER(SEARCH("clear",I20))),"Cleared","Active") -> Active | I20: =Data!M18 -> Diagnostic | J20: =ISERROR(F20) -> FALSE | K20: =IF(H20="Active",TRUE,FALSE) -> TRUE | L20: =IF(G20="Malfunction",TRUE,FALSE) -> FALSE | M20: =Data!I18 -> Long | N20: =Data!J18 -> Lat | O20: =Data!K18 -> Approximate Location | P20: =Data!G18 -> 12342.507 | Q20: =Data!H18 -> 33.115356
A21: =Data!C19 -> Vehicle 3 | B21: =Data!A19 -> 43570.4 | C21: =Data!B19 -> UnidentifiedDrivingCompliance | D21: =IF(C21="PowerCompliance","Power",IF(C21="PositioningCompliance","Positioning",IF(C21="EngineSyncCompliance","Engine Sync",IF(C21="UnidentifiedDrivingCompliance","Unidentified Driving",IF(C21="DataRecordingCompliance","Data Recording",IF(C21="DataTransferCompliance","Data Transfer",IF(C21="MissingElementCompliance","Missing Element",IF(C21="OtherCompliance","Other",IF(C21="TimingCompliance","Timing",""))))))))) -> Unidentified Driving | E21: =A21&" "&D21&" "&G21 -> Vehicle 3 Unidentified Driving Diagnostic | F21: =MATCH(E21,INDIRECT("E"&ROW(E21)+1&":E"&$B$10),0) -> 2 | G21: =IF(ISNUMBER(SEARCH("Diagnostic",I21))=TRUE,"Diagnostic","Malfunction") -> Diagnostic | H21: =IF(OR(ISNUMBER(SEARCH("clear",INDIRECT("H"&ROW(I21)+F21))),ISNUMBER(SEARCH("clear",I21))),"Cleared","Active") -> Active | I21: =Data!M19 -> Diagnostic | J21: =ISERROR(F21) -> FALSE | K21: =IF(H21="Active",TRUE,FALSE) -> TRUE | L21: =IF(G21="Malfunction",TRUE,FALSE) -> FALSE | M21: =Data!I19 -> Long | N21: =Data!J19 -> Lat | O21: =Data!K19 -> Approximate Location | P21: =Data!G19 -> 116750.42 | Q21: =Data!H19 -> 19.645273
A22: =Data!C20 -> Vehicle 5 | B22: =Data!A20 -> 43570.688 | C22: =Data!B20 -> UnidentifiedDrivingCompliance | D22: =IF(C22="PowerCompliance","Power",IF(C22="PositioningCompliance","Positioning",IF(C22="EngineSyncCompliance","Engine Sync",IF(C22="UnidentifiedDrivingCompliance","Unidentified Driving",IF(C22="DataRecordingCompliance","Data Recording",IF(C22="DataTransferCompliance","Data Transfer",IF(C22="MissingElementCompliance","Missing Element",IF(C22="OtherCompliance","Other",IF(C22="TimingCompliance","Timing",""))))))))) -> Unidentified Driving | E22: =A22&" "&D22&" "&G22 -> Vehicle 5 Unidentified Driving Diagnostic | F22: =MATCH(E22,INDIRECT("E"&ROW(E22)+1&":E"&$B$10),0) -> 150 | G22: =IF(ISNUMBER(SEARCH("Diagnostic",I22))=TRUE,"Diagnostic","Malfunction") -> Diagnostic | H22: =IF(OR(ISNUMBER(SEARCH("clear",INDIRECT("H"&ROW(I22)+F22))),ISNUMBER(SEARCH("clear",I22))),"Cleared","Active") -> Active | I22: =Data!M20 -> Diagnostic | J22: =ISERROR(F22) -> FALSE | K22: =IF(H22="Active",TRUE,FALSE) -> TRUE | L22: =IF(G22="Malfunction",TRUE,FALSE) -> FALSE | M22: =Data!I20 -> Long | N22: =Data!J20 -> Lat | O22: =Data!K20 -> Approximate Location | P22: =Data!G20 -> 82249.172 | Q22: =Data!H20 -> 5.7787523
A23: =Data!C21 -> Vehicle 3 | B23: =Data!A21 -> 43570.765 | C23: =Data!B21 -> UnidentifiedDrivingCompliance | D23: =IF(C23="PowerCompliance","Power",IF(C23="PositioningCompliance","Positioning",IF(C23="EngineSyncCompliance","Engine Sync",IF(C23="UnidentifiedDrivingCompliance","Unidentified Driving",IF(C23="DataRecordingCompliance","Data Recording",IF(C23="DataTransferCompliance","Data Transfer",IF(C23="MissingElementCompliance","Missing Element",IF(C23="OtherCompliance","Other",IF(C23="TimingCompliance","Timing",""))))))))) -> Unidentified Driving | E23: =A23&" "&D23&" "&G23 -> Vehicle 3 Unidentified Driving Diagnostic | F23: =MATCH(E23,INDIRECT("E"&ROW(E23)+1&":E"&$B$10),0) -> #N/A | G23: =IF(ISNUMBER(SEARCH("Diagnostic",I23))=TRUE,"Diagnostic","Malfunction") -> Diagnostic | H23: =IF(OR(ISNUMBER(SEARCH("clear",INDIRECT("H"&ROW(I23)+F23))),ISNUMBER(SEARCH("clear",I23))),"Cleared","Active") -> Active | I23: =Data!M21 -> Diagnostic | J23: =ISERROR(F23) -> TRUE | K23: =IF(H23="Active",TRUE,FALSE) -> TRUE | L23: =IF(G23="Malfunction",TRUE,FALSE) -> FALSE | M23: =Data!I21 -> Long | N23: =Data!J21 -> Lat | O23: =Data!K21 -> Approximate Location | P23: =Data!G21 -> 116770.07 | Q23: =Data!H21 -> 93.832024
A24: =Data!C22 -> Vehicle 1 | B24: =Data!A22 -> 43571.27 | C24: =Data!B22 -> UnidentifiedDrivingCompliance | D24: =IF(C24="PowerCompliance","Power",IF(C24="PositioningCompliance","Positioning",IF(C24="EngineSyncCompliance","Engine Sync",IF(C24="UnidentifiedDrivingCompliance","Unidentified Driving",IF(C24="DataRecordingCompliance","Data Recording",IF(C24="DataTransferCompliance","Data Transfer",IF(C24="MissingElementCompliance","Missing Element",IF(C24="OtherCompliance","Other",IF(C24="TimingCompliance","Timing",""))))))))) -> Unidentified Driving | E24: =A24&" "&D24&" "&G24 -> Vehicle 1 Unidentified Driving Diagnostic | F24: =MATCH(E24,INDIRECT("E"&ROW(E24)+1&":E"&$B$10),0) -> 13 | G24: =IF(ISNUMBER(SEARCH("Diagnostic",I24))=TRUE,"Diagnostic","Malfunction") -> Diagnostic | H24: =IF(OR(ISNUMBER(SEARCH("clear",INDIRECT("H"&ROW(I24)+F24))),ISNUMBER(SEARCH("clear",I24))),"Cleared","Active") -> Active | I24: =Data!M22 -> Diagnostic | J24: =ISERROR(F24) -> FALSE | K24: =IF(H24="Active",TRUE,FALSE) -> TRUE | L24: =IF(G24="Malfunction",TRUE,FALSE) -> FALSE | M24: =Data!I22 -> Long | N24: =Data!J22 -> Lat | O24: =Data!K22 -> Approximate Location | P24: =Data!G22 -> 12375.622 | Q24: =Data!H22 -> 31.837818
... A260: =Data!C258 -> Vehicle 2 | B260: =Data!A258 -> 43598.444 | C260: =Data!B258 -> DataTransferCompliance | D260: =IF(C260="PowerCompliance","Power",IF(C260="PositioningCompliance","Positioning",IF(C260="EngineSyncCompliance","Engine Sync",IF(C260="UnidentifiedDrivingCompliance","Unidentified Driving",IF(C260="DataRecordingCompliance","Data Recording",IF(C260="DataTransferCompliance","Data Transfer",IF(C260="MissingElementCompliance","Missing Element",IF(C260="OtherCompliance","Other",IF(C260="TimingCompliance","Timing",""))))))))) -> Data Transfer | E260: =A260&" "&D260&" "&G260 -> Vehicle 2 Data Transfer Diagnostic | F260: =MATCH(E260,INDIRECT("E"&ROW(E260)+1&":E"&$B$10),0) -> 1 | G260: =IF(ISNUMBER(SEARCH("Diagnostic",I260))=TRUE,"Diagnostic","Malfunction") -> Diagnostic | H260: =IF(OR(ISNUMBER(SEARCH("clear",INDIRECT("H"&ROW(I260)+F260))),ISNUMBER(SEARCH("clear",I260))),"Cleared","Active") -> Cleared | I260: =Data!M258 -> SystemDiagnosticClear | J260: =ISERROR(F260) -> FALSE | K260: =IF(H260="Active",TRUE,FALSE) -> FALSE | L260: =IF(G260="Malfunction",TRUE,FALSE) -> FALSE | M260: =Data!I258 -> Long | N260: =Data!J258 -> Lat | O260: =Data!K258 -> Approximate Location | P260: =Data!G258 -> 3844.79 | Q260: =Data!H258 -> 0

Sheet Languages
A1: English | B1: French | C1: Spanish | D1: German | E1: Japanese | F1: Polish | G1: Portuguese-Brazil | H1: Dutch | I1: Italian
A2: **Driver | B2: Conducteur | C2: Conductor | D2: Fahrer | E2: ドライバー | F2: Kierowca | G2: Motorista | H2: Chauffeur | I2: Conducente
A3: **Date | B3: Date | C3: Fecha | D3: Datum | E3: データ | F3: Data | G3: Data | H3: Datum | I3: Data
A4: **Status | B4: État | C4: Estado | D4: Status | E4: ステータス | F4: Status | G4: Status | H4: Status | I4: Stato
A5: **Device | B5: Dispositif | C5: Dispositivo | D5: Gerät | E5: デバイス | F5: Urzadzenie | G5: Dispositivo | H5: Apparaat | I5: Dispositivo
A6: **Co-drivers | B6: Co-chauffeurs | C6: Copiloto | D6: Beifahrer | E6: 補助ドライバー | F6: Wspólkierowcy | G6: Comotoristas | H6: Tweede chauffeurs | I6: Secondi conducenti
A7: **Trailers | B7: Gros porteurs | C7: Remolques | D7: Anhänger | E7: トレーラー | F7: Przyczepy | G7: Reboques | H7: Aanhangers | I7: Rimorchi
A8: **Longitude | B8: Longitude | C8: Longitud | D8: Längengrad | E8: 経度 | F8: Dlugosc geograficzna | G8: Longitude | H8: Lengtegraad | I8: Longitudine
A9: **Latitude | B9: Latitude | C9: Latitud | D9: Breitengrad | E9: 緯度 | F9: Szerokosc geograficzna | G9: Latitude | H9: Breedtegraad | I9: Latitudine
A10: **Address | B10: Adresse | C10: Dirección | D10: Adresse | E10: 住所 | F10: Adres | G10: Endereço | H10: Adres | I10: Indirizzo
A11: **Odometer | B11: Odomètre | C11: Odómetro | D11: Kilometerstand | E11: オドメータ | F11: Licznik kilometrów | G11: Velocímetro | H11: Kilometerteller | I11: Contachilometri
A12: **Distance | B12: Distance | C12: Distancia | D12: Entfernung | E12: 距離 | F12: Odleglosc | G12: Distância | H12: Afstand | I12: Distanza
... A23: **Log Origin | B23: Origine du Journal | C23: Origen del Registro | D23: Protokollherkunft | E23: ログの起源 | F23: Powstanie dziennika | G23: Origem do registro | H23: Oorsprong logboek | I23: Origine del registro
A24: **Diagnostic & Malfunction Events
A25: **Days
A26: **Distance Unit
A27: **Total Row Count
A28: **Active Diagnostics
A29: **Active Malfunctions
A30: **Count
A31: **Date (Last Instance)
A32: **Type
A33: **Clear
A34: **Vehicle
