Workbook
Name AllData: Report!$A$12:$R$49
Name Picture: INDIRECT(Processor!$F$20)

Sheet Languages
A1: English | B1: French | C1: Spanish | D1: German | E1: Japanese | F1: Polish | G1: Portuguese-Brazil | H1: Dutch | I1: Italian | J1: Simplified Chinese | K1: Thai | L1: Indonesian | M1: Czech | N1: Swedish
A2: **Device | B2: Dispositif | C2: Dispositivo | D2: Gerät | E2: デバイス | F2: Urzadzenie | G2: Dispositivo | H2: Apparaat | I2: Dispositivo | J2: 设备 | K2: อุปกรณ์ | L2: Perangkat | M2: Zařízení | N2: Enhet
A3: **Device Group | B3: Groupe de dispositifs | C3: Grupo de dispositivos | D3: Gerätegruppe | E3: デバイスグループ | F3: Grupa urzadzen | G3: Grupo de dispositivo | H3: Apparaatgroep | I3: Gruppo di dispositivi | J3: 设备的组名 | K3: กลุ่มอุปกรณ์ | L3: Grup Perangkat | M3: Skupina zařízení | N3: Enhetsgrupp
A4: **Date | B4: Date | C4: Fecha | D4: Datum | E4: データ | F4: Data | G4: Data | H4: Datum | I4: Data | J4: 日期 | K4: วันที่ | L4: Tanggal | M4: Datum | N4: Datum
A5: **Description | B5: Description | C5: Descripción | D5: Beschreibung | E5: 説明を入力してください | F5: Opis | G5: Descrição | H5: Omschrijving | I5: Descrizione | J5: 描述 | K5: คำอธิบาย | L5: Deskripsi | M5: Popis | N5: Beskrivning
A6: **Source | B6: Source | C6: Fuente | D6: Quelle | E6: ソース | F6: Zródlo | G6: Fonte | H6: Bron | I6: Sorgente | J6: 来源 | K6: แหล่ง | L6: Sumber | M6: Zdroj | N6: Källa
A7: **Controller | B7: Contrôleur du moteur | C7: Controlador de motor | D7: Motorsteuerung | E7: コントローラー | F7: Kontroler | G7: Controlador | H7: Controller | I7: Controller | J7: 控制器 | K7: ตัวควบคุม | L7: Pengontrol | M7: Ovladač | N7: Kontrollant
A8: **Value | B8: Valeur | C8: Valor | D8: Wert | E8: 値 | F8: Wartosc | G8: Valor | H8: Waarde | I8: Valore | J8: 值 | K8: ค่า | L8: Nilai | M8: Hodnota | N8: Värde
A9: **Engine Status Report | B9: Rapport d’état du moteur | C9: Reporte de estado del motor | D9: Bericht Motorstatus | E9: エンジン状態レポート | F9: Raport stanu silnika | G9: Relatório do status do motor | H9: Rapport Motorstatus | I9: Report di stato del motore | J9: 发动机状态报告 | K9: รายงานสถานะเครื่องยนต์ | L9: Laporan Status Mesin | M9: Výkaz o stavu motoru | N9: Motorstatusrapport
A10: **Created | B10: Créé | C10: Creado | D10: Angelegt | E10: 作成済 | F10: Utworzono | G10: Criado em | H10: Aangemaakt | I10: Creato | J10: 创建日期 | K10: สร้างแล้ว | L10: Dibuat | M10: Vytvořeno | N10: Skapad
A11: **From | B11: Du | C11: Desde | D11: Von | E11: 開始日 | F11: Od | G11: Desde | H11: Van | I11: Dal | J11: 自 | K11: จาก | L11: Dari | M11: Od | N11: Från
A12: **To | B12: Au | C12: Hasta | D12: Bis | E12: 終了日 | F12: Do | G12: Até | H12: Tot | I12: Al | J12: 至 | K12: ถึง | L12: Hingga | M12: Do/pro | N12: Till
A13: **Time Zone | B13: Fuseau horaire | C13: Huso horario | D13: Zeitzone | E13: タイムゾーン | F13: Strefa czasowa | G13: Zona horária | H13: Tijdzone | I13: Fuso orario | J13: 时区 | K13: โซนเวลา | L13: Zona Waktu | M13: Časové pásmo | N13: Tidszon
A14: **Unplug Time
A15: **Start Odometer
A16: **Plug Time
A17: **End Odometer
A18: **Jump Value
A19: **Odometer Jump Report
A20: **Distance Unit
A21: **Days
A22: **Time
A23: **Vehicle and Unplug Record
A24: **No Odometer Jump Events Found
A25: **There seems to be a Problem with data in this report. Contact your Administrator.
A26: **Odometer Jump Value

Sheet Data
A1: CompanyName | B1: Template Company Name
A2: RunDate | B2: 44819.491
A3: FromDate | B3: 44747
A4: ToDate | B4: 44753
A5: TimeZone | B5: America/New_York
A6: DistanceUnit | B6: km
A7: SpeedUnit | B7: km/h
A8: SendReport | B8: TRUE
A9: LastModifiedUser | B9: **<No User>
A10: Language | B10: en
A11: .StatusData.Device.DeviceName | B11: .StatusData.Device.DeviceId | C11: .StatusData.Device.DeviceGroup | D11: StatusDataDateTime | E11: .StatusData.Diagnostic.DiagnosticName | F11: StatusDataRecordDisplayData | G11: StatusDataRecordUnitOfMeasureName
A12: Template Vehicle 1 | B12: b1 | C12: Template Group 1 | D12: 44748.224 | E12: Odometer | F12: 131676.59 | G12: km
A13: Template Vehicle 1 | B13: b1 | C13: Template Group 1 | D13: 44748.227 | E13: Odometer | F13: 131677.84 | G13: km
A14: Template Vehicle 1 | B14: b1 | C14: Template Group 1 | D14: 44748.227 | E14: Odometer | F14: 131678.46 | G14: km
A15: Template Vehicle 1 | B15: b1 | C15: Template Group 1 | D15: 44748.228 | E15: Odometer | F15: 131679.08 | G15: km
A16: Template Vehicle 1 | B16: b1 | C16: Template Group 1 | D16: 44748.228 | E16: Odometer | F16: 131679.08 | G16: km
A17: Template Vehicle 1 | B17: b1 | C17: Template Group 1 | D17: 44748.25 | E17: Odometer | F17: 131679.08 | G17: km
A18: Template Vehicle 1 | B18: b1 | C18: Template Group 1 | D18: 44748.25 | E18: Device power change (1 = powered) | F18: 0 | G18: None
A19: Template Vehicle 1 | B19: b1 | C19: Template Group 1 | D19: 44749.533 | E19: Device power change (1 = powered) | F19: 1 | G19: None
A20: Template Vehicle 1 | B20: b1 | C20: Template Group 1 | D20: 44749.65 | E20: Odometer | F20: 131805.22 | G20: km
A21: Template Vehicle 1 | B21: b1 | C21: Template Group 1 | D21: 44749.651 | E21: Odometer | F21: 131805.84 | G21: km
A22: Template Vehicle 1 | B22: b1 | C22: Template Group 1 | D22: 44749.651 | E22: Odometer | F22: 131806.46 | G22: km
A23: Template Vehicle 1 | B23: b1 | C23: Template Group 1 | D23: 44749.652 | E23: Odometer | F23: 131807.08 | G23: km
... A48: Template Vehicle 1 | B48: b1 | C48: Template Group 1 | D48: 44749.86 | E48: Odometer | F48: 131820.13 | G48: km

Sheet Report
A1: **Odometer Jump Report | C1: =Data!B2 -> 44819.491
A2: =Data!B1 -> Template Company Name
A4: **Date
A5: **From | B5: =Data!B3 -> 44747
A6: **To | B6: =Data!B4 -> 44753
A7: **Days | B7: =B6-B5 -> 5.9999884
A9: **Time Zone | B9: =Data!B5 -> America/New_York
A10: **Distance Unit | B10: =Data!B6 -> km
A12: **Device | B12: **Device Group | C12: **Date | D12: **Time | E12: **Description | F12: Last Known Odometer | G12: Odometer Jump | H12: **Start Odometer | I12: **End Odometer | J12: **Unplug Time | K12: **Plug Time | L12: Last Log Unplugged | M12: Mileage Jump | N12: **Jump Value | O12: Include? | P12: Flag | Q12: **Value | R12: **Units
A13: =Data!A12 -> Template Vehicle 1 | B13: =Data!C12 -> Template Group 1 | C13: =INT(Data!D12) -> 44748 | D13: =MOD(Data!D12, 1) -> 0.22430845 | E13: =Data!E12 -> Odometer | F13: =IF(E13="Odometer",Q13,IF(A12=A13,F12,0)) -> 131676.59 | G13: =IF(OR(F13=0,F12=0),0,IFERROR(F13-F12,0)) -> 0 | H13: =IF(AND(ISNUMBER(SEARCH("Device power",E13)),Q13=0),F13,IF(A12<>A13,0,H12)) -> 0 | I13: =IF(AND(ISNUMBER(SEARCH("Device power",E13)),Q13=1),F14,IF(A12<>A13,0,I12)) -> 0 | J13: =IF(AND(ISNUMBER(SEARCH("Device power",E13)),Q13=0),Data!D12,IF(A12<>A13,"",J12)) | K13: =IF(AND(ISNUMBER(SEARCH("Device power",E13)),Q13=1),Data!D12,IF(A12<>A13,"",K12)) | L13: =IFERROR(IF(AND(ISNUMBER(SEARCH("Device power",E12)),A12=A13,E13="Odometer",F12<>0,G13<>0,(K13-J13)>0.000694444444444444),TRUE,FALSE),"") | M13: =IF(L13=TRUE,G13,0) -> 0 | N13: =CONCATENATE(TEXT(M13, "#.##"), " ", $B$10) -> . km | O13: =IF($B$10="km", IF(M13<10,FALSE,TRUE), IF(M13<6,FALSE,TRUE)) -> FALSE | P13: =IF(AND(L13, O13), 1, 0) -> 0 | Q13: =Data!F12 -> 131676.59 | R13: =Data!G12 -> km
A14: =Data!A13 -> Template Vehicle 1 | B14: =Data!C13 -> Template Group 1 | C14: =INT(Data!D13) -> 44748 | D14: =MOD(Data!D13, 1) -> 0.22672666 | E14: =Data!E13 -> Odometer | F14: =IF(E14="Odometer",Q14,IF(A13=A14,F13,0)) -> 131677.84 | G14: =IF(OR(F14=0,F13=0),0,IFERROR(F14-F13,0)) -> 1.242742 | H14: =IF(AND(ISNUMBER(SEARCH("Device power",E14)),Q14=0),F14,IF(A13<>A14,0,H13)) -> 0 | I14: =IF(AND(ISNUMBER(SEARCH("Device power",E14)),Q14=1),F15,IF(A13<>A14,0,I13)) -> 0 | J14: =IF(AND(ISNUMBER(SEARCH("Device power",E14)),Q14=0),Data!D13,IF(A13<>A14,"",J13)) | K14: =IF(AND(ISNUMBER(SEARCH("Device power",E14)),Q14=1),Data!D13,IF(A13<>A14,"",K13)) | L14: =IFERROR(IF(AND(ISNUMBER(SEARCH("Device power",E13)),A13=A14,E14="Odometer",F13<>0,G14<>0,(K14-J14)>0.000694444444444444),TRUE,FALSE),"") | M14: =IF(L14=TRUE,G14,0) -> 0 | N14: =CONCATENATE(TEXT(M14, "#.##"), " ", $B$10) -> . km | O14: =IF($B$10="km", IF(M14<10,FALSE,TRUE), IF(M14<6,FALSE,TRUE)) -> FALSE | P14: =IF(AND(L14, O14), 1, 0) -> 0 | Q14: =Data!F13 -> 131677.84 | R14: =Data!G13 -> km
A15: =Data!A14 -> Template Vehicle 1 | B15: =Data!C14 -> Template Group 1 | C15: =INT(Data!D14) -> 44748 | D15: =MOD(Data!D14, 1) -> 0.22742133 | E15: =Data!E14 -> Odometer | F15: =IF(E15="Odometer",Q15,IF(A14=A15,F14,0)) -> 131678.46 | G15: =IF(OR(F15=0,F14=0),0,IFERROR(F15-F14,0)) -> 0.621371 | H15: =IF(AND(ISNUMBER(SEARCH("Device power",E15)),Q15=0),F15,IF(A14<>A15,0,H14)) -> 0 | I15: =IF(AND(ISNUMBER(SEARCH("Device power",E15)),Q15=1),F16,IF(A14<>A15,0,I14)) -> 0 | J15: =IF(AND(ISNUMBER(SEARCH("Device power",E15)),Q15=0),Data!D14,IF(A14<>A15,"",J14)) | K15: =IF(AND(ISNUMBER(SEARCH("Device power",E15)),Q15=1),Data!D14,IF(A14<>A15,"",K14)) | L15: =IFERROR(IF(AND(ISNUMBER(SEARCH("Device power",E14)),A14=A15,E15="Odometer",F14<>0,G15<>0,(K15-J15)>0.000694444444444444),TRUE,FALSE),"") | M15: =IF(L15=TRUE,G15,0) -> 0 | N15: =CONCATENATE(TEXT(M15, "#.##"), " ", $B$10) -> . km | O15: =IF($B$10="km", IF(M15<10,FALSE,TRUE), IF(M15<6,FALSE,TRUE)) -> FALSE | P15: =IF(AND(L15, O15), 1, 0) -> 0 | Q15: =Data!F14 -> 131678.46 | R15: =Data!G14 -> km
A16: =Data!A15 -> Template Vehicle 1 | B16: =Data!C15 -> Template Group 1 | C16: =INT(Data!D15) -> 44748 | D16: =MOD(Data!D15, 1) -> 0.2280002 | E16: =Data!E15 -> Odometer | F16: =IF(E16="Odometer",Q16,IF(A15=A16,F15,0)) -> 131679.08 | G16: =IF(OR(F16=0,F15=0),0,IFERROR(F16-F15,0)) -> 0.621371 | H16: =IF(AND(ISNUMBER(SEARCH("Device power",E16)),Q16=0),F16,IF(A15<>A16,0,H15)) -> 0 | I16: =IF(AND(ISNUMBER(SEARCH("Device power",E16)),Q16=1),F17,IF(A15<>A16,0,I15)) -> 0 | J16: =IF(AND(ISNUMBER(SEARCH("Device power",E16)),Q16=0),Data!D15,IF(A15<>A16,"",J15)) | K16: =IF(AND(ISNUMBER(SEARCH("Device power",E16)),Q16=1),Data!D15,IF(A15<>A16,"",K15)) | L16: =IFERROR(IF(AND(ISNUMBER(SEARCH("Device power",E15)),A15=A16,E16="Odometer",F15<>0,G16<>0,(K16-J16)>0.000694444444444444),TRUE,FALSE),"") | M16: =IF(L16=TRUE,G16,0) -> 0 | N16: =CONCATENATE(TEXT(M16, "#.##"), " ", $B$10) -> . km | O16: =IF($B$10="km", IF(M16<10,FALSE,TRUE), IF(M16<6,FALSE,TRUE)) -> FALSE | P16: =IF(AND(L16, O16), 1, 0) -> 0 | Q16: =Data!F15 -> 131679.08 | R16: =Data!G15 -> km
A17: =Data!A16 -> Template Vehicle 1 | B17: =Data!C16 -> Template Group 1 | C17: =INT(Data!D16) -> 44748 | D17: =MOD(Data!D16, 1) -> 0.22843229 | E17: =Data!E16 -> Odometer | F17: =IF(E17="Odometer",Q17,IF(A16=A17,F16,0)) -> 131679.08 | G17: =IF(OR(F17=0,F16=0),0,IFERROR(F17-F16,0)) -> 0 | H17: =IF(AND(ISNUMBER(SEARCH("Device power",E17)),Q17=0),F17,IF(A16<>A17,0,H16)) -> 0 | I17: =IF(AND(ISNUMBER(SEARCH("Device power",E17)),Q17=1),F18,IF(A16<>A17,0,I16)) -> 0 | J17: =IF(AND(ISNUMBER(SEARCH("Device power",E17)),Q17=0),Data!D16,IF(A16<>A17,"",J16)) | K17: =IF(AND(ISNUMBER(SEARCH("Device power",E17)),Q17=1),Data!D16,IF(A16<>A17,"",K16)) | L17: =IFERROR(IF(AND(ISNUMBER(SEARCH("Device power",E16)),A16=A17,E17="Odometer",F16<>0,G17<>0,(K17-J17)>0.000694444444444444),TRUE,FALSE),"") | M17: =IF(L17=TRUE,G17,0) -> 0 | N17: =CONCATENATE(TEXT(M17, "#.##"), " ", $B$10) -> . km | O17: =IF($B$10="km", IF(M17<10,FALSE,TRUE), IF(M17<6,FALSE,TRUE)) -> FALSE | P17: =IF(AND(L17, O17), 1, 0) -> 0 | Q17: =Data!F16 -> 131679.08 | R17: =Data!G16 -> km
A18: =Data!A17 -> Template Vehicle 1 | B18: =Data!C17 -> Template Group 1 | C18: =INT(Data!D17) -> 44748 | D18: =MOD(Data!D17, 1) -> 0.24989591 | E18: =Data!E17 -> Odometer | F18: =IF(E18="Odometer",Q18,IF(A17=A18,F17,0)) -> 131679.08 | G18: =IF(OR(F18=0,F17=0),0,IFERROR(F18-F17,0)) -> 0 | H18: =IF(AND(ISNUMBER(SEARCH("Device power",E18)),Q18=0),F18,IF(A17<>A18,0,H17)) -> 0 | I18: =IF(AND(ISNUMBER(SEARCH("Device power",E18)),Q18=1),F19,IF(A17<>A18,0,I17)) -> 0 | J18: =IF(AND(ISNUMBER(SEARCH("Device power",E18)),Q18=0),Data!D17,IF(A17<>A18,"",J17)) | K18: =IF(AND(ISNUMBER(SEARCH("Device power",E18)),Q18=1),Data!D17,IF(A17<>A18,"",K17)) | L18: =IFERROR(IF(AND(ISNUMBER(SEARCH("Device power",E17)),A17=A18,E18="Odometer",F17<>0,G18<>0,(K18-J18)>0.000694444444444444),TRUE,FALSE),"") | M18: =IF(L18=TRUE,G18,0) -> 0 | N18: =CONCATENATE(TEXT(M18, "#.##"), " ", $B$10) -> . km | O18: =IF($B$10="km", IF(M18<10,FALSE,TRUE), IF(M18<6,FALSE,TRUE)) -> FALSE | P18: =IF(AND(L18, O18), 1, 0) -> 0 | Q18: =Data!F17 -> 131679.08 | R18: =Data!G17 -> km
A19: =Data!A18 -> Template Vehicle 1 | B19: =Data!C18 -> Template Group 1 | C19: =INT(Data!D18) -> 44748 | D19: =MOD(Data!D18, 1) -> 0.25013889 | E19: =Data!E18 -> Device power change (1 = powered) | F19: =IF(E19="Odometer",Q19,IF(A18=A19,F18,0)) -> 131679.08 | G19: =IF(OR(F19=0,F18=0),0,IFERROR(F19-F18,0)) -> 0 | H19: =IF(AND(ISNUMBER(SEARCH("Device power",E19)),Q19=0),F19,IF(A18<>A19,0,H18)) -> 131679.08 | I19: =IF(AND(ISNUMBER(SEARCH("Device power",E19)),Q19=1),F20,IF(A18<>A19,0,I18)) -> 0 | J19: =IF(AND(ISNUMBER(SEARCH("Device power",E19)),Q19=0),Data!D18,IF(A18<>A19,"",J18)) -> 44748.25 | K19: =IF(AND(ISNUMBER(SEARCH("Device power",E19)),Q19=1),Data!D18,IF(A18<>A19,"",K18)) | L19: =IFERROR(IF(AND(ISNUMBER(SEARCH("Device power",E18)),A18=A19,E19="Odometer",F18<>0,G19<>0,(K19-J19)>0.000694444444444444),TRUE,FALSE),"") | M19: =IF(L19=TRUE,G19,0) -> 0 | N19: =CONCATENATE(TEXT(M19, "#.##"), " ", $B$10) -> . km | O19: =IF($B$10="km", IF(M19<10,FALSE,TRUE), IF(M19<6,FALSE,TRUE)) -> FALSE | P19: =IF(AND(L19, O19), 1, 0) -> 0 | Q19: =Data!F18 -> 0 | R19: =Data!G18 -> None
A20: =Data!A19 -> Template Vehicle 1 | B20: =Data!C19 -> Template Group 1 | C20: =INT(Data!D19) -> 44749 | D20: =MOD(Data!D19, 1) -> 0.53349537 | E20: =Data!E19 -> Device power change (1 = powered) | F20: =IF(E20="Odometer",Q20,IF(A19=A20,F19,0)) -> 131679.08 | G20: =IF(OR(F20=0,F19=0),0,IFERROR(F20-F19,0)) -> 0 | H20: =IF(AND(ISNUMBER(SEARCH("Device power",E20)),Q20=0),F20,IF(A19<>A20,0,H19)) -> 131679.08 | I20: =IF(AND(ISNUMBER(SEARCH("Device power",E20)),Q20=1),F21,IF(A19<>A20,0,I19)) -> 131805.22 | J20: =IF(AND(ISNUMBER(SEARCH("Device power",E20)),Q20=0),Data!D19,IF(A19<>A20,"",J19)) -> 44748.25 | K20: =IF(AND(ISNUMBER(SEARCH("Device power",E20)),Q20=1),Data!D19,IF(A19<>A20,"",K19)) -> 44749.533 | L20: =IFERROR(IF(AND(ISNUMBER(SEARCH("Device power",E19)),A19=A20,E20="Odometer",F19<>0,G20<>0,(K20-J20)>0.000694444444444444),TRUE,FALSE),"") -> FALSE | M20: =IF(L20=TRUE,G20,0) -> 0 | N20: =CONCATENATE(TEXT(M20, "#.##"), " ", $B$10) -> . km | O20: =IF($B$10="km", IF(M20<10,FALSE,TRUE), IF(M20<6,FALSE,TRUE)) -> FALSE | P20: =IF(AND(L20, O20), 1, 0) -> 0 | Q20: =Data!F19 -> 1 | R20: =Data!G19 -> None
A21: =Data!A20 -> Template Vehicle 1 | B21: =Data!C20 -> Template Group 1 | C21: =INT(Data!D20) -> 44749 | D21: =MOD(Data!D20, 1) -> 0.64982075 | E21: =Data!E20 -> Odometer | F21: =IF(E21="Odometer",Q21,IF(A20=A21,F20,0)) -> 131805.22 | G21: =IF(OR(F21=0,F20=0),0,IFERROR(F21-F20,0)) -> 126.13831 | H21: =IF(AND(ISNUMBER(SEARCH("Device power",E21)),Q21=0),F21,IF(A20<>A21,0,H20)) -> 131679.08 | I21: =IF(AND(ISNUMBER(SEARCH("Device power",E21)),Q21=1),F22,IF(A20<>A21,0,I20)) -> 131805.22 | J21: =IF(AND(ISNUMBER(SEARCH("Device power",E21)),Q21=0),Data!D20,IF(A20<>A21,"",J20)) -> 44748.25 | K21: =IF(AND(ISNUMBER(SEARCH("Device power",E21)),Q21=1),Data!D20,IF(A20<>A21,"",K20)) -> 44749.533 | L21: =IFERROR(IF(AND(ISNUMBER(SEARCH("Device power",E20)),A20=A21,E21="Odometer",F20<>0,G21<>0,(K21-J21)>0.000694444444444444),TRUE,FALSE),"") -> TRUE | M21: =IF(L21=TRUE,G21,0) -> 126.13831 | N21: =CONCATENATE(TEXT(M21, "#.##"), " ", $B$10) -> 126.14 km | O21: =IF($B$10="km", IF(M21<10,FALSE,TRUE), IF(M21<6,FALSE,TRUE)) -> TRUE | P21: =IF(AND(L21, O21), 1, 0) -> 1 | Q21: =Data!F20 -> 131805.22 | R21: =Data!G20 -> km
A22: =Data!A21 -> Template Vehicle 1 | B22: =Data!C21 -> Template Group 1 | C22: =INT(Data!D21) -> 44749 | D22: =MOD(Data!D21, 1) -> 0.65097809 | E22: =Data!E21 -> Odometer | F22: =IF(E22="Odometer",Q22,IF(A21=A22,F21,0)) -> 131805.84 | G22: =IF(OR(F22=0,F21=0),0,IFERROR(F22-F21,0)) -> 0.621371 | H22: =IF(AND(ISNUMBER(SEARCH("Device power",E22)),Q22=0),F22,IF(A21<>A22,0,H21)) -> 131679.08 | I22: =IF(AND(ISNUMBER(SEARCH("Device power",E22)),Q22=1),F23,IF(A21<>A22,0,I21)) -> 131805.22 | J22: =IF(AND(ISNUMBER(SEARCH("Device power",E22)),Q22=0),Data!D21,IF(A21<>A22,"",J21)) -> 44748.25 | K22: =IF(AND(ISNUMBER(SEARCH("Device power",E22)),Q22=1),Data!D21,IF(A21<>A22,"",K21)) -> 44749.533 | L22: =IFERROR(IF(AND(ISNUMBER(SEARCH("Device power",E21)),A21=A22,E22="Odometer",F21<>0,G22<>0,(K22-J22)>0.000694444444444444),TRUE,FALSE),"") -> FALSE | M22: =IF(L22=TRUE,G22,0) -> 0 | N22: =CONCATENATE(TEXT(M22, "#.##"), " ", $B$10) -> . km | O22: =IF($B$10="km", IF(M22<10,FALSE,TRUE), IF(M22<6,FALSE,TRUE)) -> FALSE | P22: =IF(AND(L22, O22), 1, 0) -> 0 | Q22: =Data!F21 -> 131805.84 | R22: =Data!G21 -> km
A23: =Data!A22 -> Template Vehicle 1 | B23: =Data!C22 -> Template Group 1 | C23: =INT(Data!D22) -> 44749 | D23: =MOD(Data!D22, 1) -> 0.65149892 | E23: =Data!E22 -> Odometer | F23: =IF(E23="Odometer",Q23,IF(A22=A23,F22,0)) -> 131806.46 | G23: =IF(OR(F23=0,F22=0),0,IFERROR(F23-F22,0)) -> 0.621371 | H23: =IF(AND(ISNUMBER(SEARCH("Device power",E23)),Q23=0),F23,IF(A22<>A23,0,H22)) -> 131679.08 | I23: =IF(AND(ISNUMBER(SEARCH("Device power",E23)),Q23=1),F24,IF(A22<>A23,0,I22)) -> 131805.22 | J23: =IF(AND(ISNUMBER(SEARCH("Device power",E23)),Q23=0),Data!D22,IF(A22<>A23,"",J22)) -> 44748.25 | K23: =IF(AND(ISNUMBER(SEARCH("Device power",E23)),Q23=1),Data!D22,IF(A22<>A23,"",K22)) -> 44749.533 | L23: =IFERROR(IF(AND(ISNUMBER(SEARCH("Device power",E22)),A22=A23,E23="Odometer",F22<>0,G23<>0,(K23-J23)>0.000694444444444444),TRUE,FALSE),"") -> FALSE | M23: =IF(L23=TRUE,G23,0) -> 0 | N23: =CONCATENATE(TEXT(M23, "#.##"), " ", $B$10) -> . km | O23: =IF($B$10="km", IF(M23<10,FALSE,TRUE), IF(M23<6,FALSE,TRUE)) -> FALSE | P23: =IF(AND(L23, O23), 1, 0) -> 0 | Q23: =Data!F22 -> 131806.46 | R23: =Data!G22 -> km
A24: =Data!A23 -> Template Vehicle 1 | B24: =Data!C23 -> Template Group 1 | C24: =INT(Data!D23) -> 44749 | D24: =MOD(Data!D23, 1) -> 0.65201968 | E24: =Data!E23 -> Odometer | F24: =IF(E24="Odometer",Q24,IF(A23=A24,F23,0)) -> 131807.08 | G24: =IF(OR(F24=0,F23=0),0,IFERROR(F24-F23,0)) -> 0.621371 | H24: =IF(AND(ISNUMBER(SEARCH("Device power",E24)),Q24=0),F24,IF(A23<>A24,0,H23)) -> 131679.08 | I24: =IF(AND(ISNUMBER(SEARCH("Device power",E24)),Q24=1),F25,IF(A23<>A24,0,I23)) -> 131805.22 | J24: =IF(AND(ISNUMBER(SEARCH("Device power",E24)),Q24=0),Data!D23,IF(A23<>A24,"",J23)) -> 44748.25 | K24: =IF(AND(ISNUMBER(SEARCH("Device power",E24)),Q24=1),Data!D23,IF(A23<>A24,"",K23)) -> 44749.533 | L24: =IFERROR(IF(AND(ISNUMBER(SEARCH("Device power",E23)),A23=A24,E24="Odometer",F23<>0,G24<>0,(K24-J24)>0.000694444444444444),TRUE,FALSE),"") -> FALSE | M24: =IF(L24=TRUE,G24,0) -> 0 | N24: =CONCATENATE(TEXT(M24, "#.##"), " ", $B$10) -> . km | O24: =IF($B$10="km", IF(M24<10,FALSE,TRUE), IF(M24<6,FALSE,TRUE)) -> FALSE | P24: =IF(AND(L24, O24), 1, 0) -> 0 | Q24: =Data!F23 -> 131807.08 | R24: =Data!G23 -> km
... A48: =Data!A47 -> Template Vehicle 1 | B48: =Data!C47 -> Template Group 1 | C48: =INT(Data!D47) -> 44749 | D48: =MOD(Data!D47, 1) -> 0.85930035 | E48: =Data!E47 -> Odometer | F48: =IF(E48="Odometer",Q48,IF(A47=A48,F47,0)) -> 131820.13 | G48: =IF(OR(F48=0,F47=0),0,IFERROR(F48-F47,0)) -> 0 | H48: =IF(AND(ISNUMBER(SEARCH("Device power",E48)),Q48=0),F48,IF(A47<>A48,0,H47)) -> 131679.08 | I48: =IF(AND(ISNUMBER(SEARCH("Device power",E48)),Q48=1),F49,IF(A47<>A48,0,I47)) -> 131805.22 | J48: =IF(AND(ISNUMBER(SEARCH("Device power",E48)),Q48=0),Data!D47,IF(A47<>A48,"",J47)) -> 44748.25 | K48: =IF(AND(ISNUMBER(SEARCH("Device power",E48)),Q48=1),Data!D47,IF(A47<>A48,"",K47)) -> 44749.533 | L48: =IFERROR(IF(AND(ISNUMBER(SEARCH("Device power",E47)),A47=A48,E48="Odometer",F47<>0,G48<>0,(K48-J48)>0.000694444444444444),TRUE,FALSE),"") -> FALSE | M48: =IF(L48=TRUE,G48,0) -> 0 | N48: =CONCATENATE(TEXT(M48, "#.##"), " ", $B$10) -> . km | O48: =IF($B$10="km", IF(M48<10,FALSE,TRUE), IF(M48<6,FALSE,TRUE)) -> FALSE | P48: =IF(AND(L48, O48), 1, 0) -> 0 | Q48: =Data!F47 -> 131820.13 | R48: =Data!G47 -> km
A49: =Data!A48 -> Template Vehicle 1 | B49: =Data!C48 -> Template Group 1 | C49: =INT(Data!D48) -> 44749 | D49: =MOD(Data!D48, 1) -> 0.86012859 | E49: =Data!E48 -> Odometer | F49: =IF(E49="Odometer",Q49,IF(A48=A49,F48,0)) -> 131820.13 | G49: =IF(OR(F49=0,F48=0),0,IFERROR(F49-F48,0)) -> 0 | H49: =IF(AND(ISNUMBER(SEARCH("Device power",E49)),Q49=0),F49,IF(A48<>A49,0,H48)) -> 131679.08 | I49: =IF(AND(ISNUMBER(SEARCH("Device power",E49)),Q49=1),#REF!,IF(A48<>A49,0,I48)) -> 131805.22 | J49: =IF(AND(ISNUMBER(SEARCH("Device power",E49)),Q49=0),Data!D48,IF(A48<>A49,"",J48)) -> 44748.25 | K49: =IF(AND(ISNUMBER(SEARCH("Device power",E49)),Q49=1),Data!D48,IF(A48<>A49,"",K48)) -> 44749.533 | L49: =IFERROR(IF(AND(ISNUMBER(SEARCH("Device power",E48)),A48=A49,E49="Odometer",F48<>0,G49<>0,(K49-J49)>0.000694444444444444),TRUE,FALSE),"") -> FALSE | M49: =IF(L49=TRUE,G49,0) -> 0 | N49: =CONCATENATE(TEXT(M49, "#.##"), " ", $B$10) -> . km | O49: =IF($B$10="km", IF(M49<10,FALSE,TRUE), IF(M49<6,FALSE,TRUE)) -> FALSE | P49: =IF(AND(L49, O49), 1, 0) -> 0 | Q49: =Data!F48 -> 131820.13 | R49: =Data!G48 -> km

Sheet Processor
A1: **Odometer Jump Report | C1: =Data!B2 -> 44819.491
A2: =Data!B1 -> Template Company Name
A4: **Date
A5: **From | B5: =Data!B3 -> 44747
A6: **To | B6: =Data!B4 -> 44753
A7: **Days | B7: =B6-B5 -> 5.9999884
A9: **Time Zone | B9: =Data!B5 -> America/New_York
A10: **Distance Unit | B10: =Data!B6 -> km
A15: =IF(A28, IF(F22=0,A21, A22), A22) -> û
A17: Translations
A18: **Vehicle and Unplug Record
A19: **Odometer Jump Value
A20: =CONCATENATE(A19, " (", B10, ")") -> **Odometer Jump Value (km) | E20: Picture Formula | F20: =IF(A28, IF(F22=0, "Processor!A15", "Processor!A14"), "Processor!A15") -> Processor!A14
A21: C
A22: û | E22: Number of entries | F22: =IF(ISNUMBER(SEARCH("blank", D25)), 0, COUNTA(E25:E2801)) -> 1
A23: **No Odometer Jump Events Found
A24: **There seems to be a Problem with data in this report. Contact your Administrator. | D24: Flag | E24: **Device | F24: **Unplug Time | G24: Sum of Mileage Jump
A25: =IF(A28, IF(F22=0,A23, A24), A24) -> **There seems to be a Problem with data in this report. Contact your Administrator. | D25: 1 | E25: Template Vehicle 1 | F25: 44748.25 | G25: 126.13831
A28: =AND(A30="Device power change (1 = powered)", A31="Odometer", COUNTA(A30:A35)=2) -> TRUE
A29: **Description
A30: Device power change (1 = powered)
A31: Odometer

Sheet Summary
A1: **Odometer Jump Report | C1: =Data!B2 -> 44819.491
A2: =Data!B1 -> Template Company Name
A4: **Date
A5: **From | B5: =Data!B3 -> 44747
A6: **To | B6: =Data!B4 -> 44753
A7: **Days | B7: =B6-B5 -> 5.9999884
A9: **Time Zone | B9: =Data!B5 -> America/New_York
A10: **Distance Unit | B10: =Data!B6 -> km
A12: **Device | B12: **Unplug Time | C12: **Start Odometer | D12: **Plug Time | E12: **End Odometer | F12: Flag | G12: **Jump Value
A13: Template Vehicle 1 | B13: 44748.25 | C13: 131679.08 | D13: 44749.533 | E13: 131805.22 | F13: 1 | G13: 126.14 km
