Workbook
Name ALERT: Picture!$A$2
Name AllData: Report!$A$7:$X$64
Name OK: Picture!$A$1
Name Picture: INDIRECT(Picture!$H$1)

Sheet Picture
H1: =IF(Report!A5=0, "OK", "ALERT") -> ALERT

Sheet Report
A1: **Drivers Approaching Limit | E1: =Data!B2 -> 43172.538
A2: =Data!B1 -> ABC Company
A4: **Approaching Limit
A5: =COUNTIF(H8:H99999,"YES") -> 7
A7: **Driver | B7: **First Name | C7: **Last Name | D7: **Full Name | E7: **HOS Status | F7: **HOS Ruleset | G7: Driving Status? | H7: Potential Violation | I7: Rest | J7: Driving | K7: Duty | L7: Workday | M7: Cycle | N7: Rest Violation | O7: Driving Violation | P7: Duty Violation | Q7: Workday Violation | R7: Cycle Violation | S7: Violation | T7: **Rest Availability | U7: **Driving Availability | V7: **Duty Availability | W7: **Workday Availability | X7: **Cycle Availability
A8: =Data!A9 -> Driver 1 | B8: =IF(Data!C9="","",Data!C9) -> First Name | C8: =IF(Data!D9="","",Data!D9) -> Last Name | D8: =CONCATENATE(B8," ",C8) -> First Name Last Name | E8: =Data!E9 -> OFF | F8: =Data!F9 -> None | G8: =OR(ISNUMBER(SEARCH("D",E8)),ISNUMBER(SEARCH("YM",E8))) -> FALSE | H8: =IF(AND(I8="OK",J8="OK",K8="OK",L8="OK",M8="OK")=TRUE,"NO","YES") -> NO | I8: =IF(OR(ISNUMBER(SEARCH("Canada",F8)), ISNUMBER(SEARCH("None",F8)),ISNUMBER(SEARCH("Short",F8)),ISNUMBER(SEARCH("Alaska",F8))),"OK",IF(AND(G8=TRUE,T8<=((Summary!$A$5*60)+Summary!$B$5)/1440),"ALERT","OK")) -> OK | J8: =IF(ISNUMBER(SEARCH("None",F8)),"OK",IF(AND(G8=TRUE,U8<=((Summary!$A$5*60)+Summary!$B$5)/1440),"ALERT","OK")) -> OK | K8: =IF(ISNUMBER(SEARCH("None",F8)),"OK",IF(AND(G8=TRUE,OR(ISNUMBER(SEARCH("Texas",F8)),ISNUMBER(SEARCH("Canada",F8))),V8<=((Summary!$A$5*60)+Summary!$B$5)/1440),"ALERT","OK")) -> OK | L8: =IF(ISNUMBER(SEARCH("None",F8)),"OK",IF(AND(G8=TRUE,W8<=((Summary!$A$5*60)+Summary!$B$5)/1440),"ALERT","OK")) -> OK | M8: =IF(ISNUMBER(SEARCH("None",F8)),"OK",IF(AND(G8=TRUE,X8<=((Summary!$A$5*60)+Summary!$B$5)/1440),"ALERT","OK")) -> OK | N8: =IF(I8="OK","","Rest") | O8: =IF(J8="OK","","Driving") | P8: =IF(K8="OK","","Duty") | Q8: =IF(L8="OK","","Workday") | R8: =IF(M8="OK","","Cycle") | S8: =TRIM(CONCATENATE(N8," ",O8," ",P8," ",Q8," ",R8)) | T8: =Data!G9 -> 0 | U8: =Data!H9 -> 0 | V8: =Data!I9 -> 0 | W8: =Data!J9 -> 0 | X8: =Data!K9 -> 0
A9: =Data!A10 -> Driver 2 | B9: =IF(Data!C10="","",Data!C10) -> First Name | C9: =IF(Data!D10="","",Data!D10) -> Last Name | D9: =CONCATENATE(B9," ",C9) -> First Name Last Name | E9: =Data!E10 -> OFF | F9: =Data!F10 -> America7DayBig | G9: =OR(ISNUMBER(SEARCH("D",E9)),ISNUMBER(SEARCH("YM",E9))) -> FALSE | H9: =IF(AND(I9="OK",J9="OK",K9="OK",L9="OK",M9="OK")=TRUE,"NO","YES") -> NO | I9: =IF(OR(ISNUMBER(SEARCH("Canada",F9)), ISNUMBER(SEARCH("None",F9)),ISNUMBER(SEARCH("Short",F9)),ISNUMBER(SEARCH("Alaska",F9))),"OK",IF(AND(G9=TRUE,T9<=((Summary!$A$5*60)+Summary!$B$5)/1440),"ALERT","OK")) -> OK | J9: =IF(ISNUMBER(SEARCH("None",F9)),"OK",IF(AND(G9=TRUE,U9<=((Summary!$A$5*60)+Summary!$B$5)/1440),"ALERT","OK")) -> OK | K9: =IF(ISNUMBER(SEARCH("None",F9)),"OK",IF(AND(G9=TRUE,OR(ISNUMBER(SEARCH("Texas",F9)),ISNUMBER(SEARCH("Canada",F9))),V9<=((Summary!$A$5*60)+Summary!$B$5)/1440),"ALERT","OK")) -> OK | L9: =IF(ISNUMBER(SEARCH("None",F9)),"OK",IF(AND(G9=TRUE,W9<=((Summary!$A$5*60)+Summary!$B$5)/1440),"ALERT","OK")) -> OK | M9: =IF(ISNUMBER(SEARCH("None",F9)),"OK",IF(AND(G9=TRUE,X9<=((Summary!$A$5*60)+Summary!$B$5)/1440),"ALERT","OK")) -> OK | N9: =IF(I9="OK","","Rest") | O9: =IF(J9="OK","","Driving") | P9: =IF(K9="OK","","Duty") | Q9: =IF(L9="OK","","Workday") | R9: =IF(M9="OK","","Cycle") | S9: =TRIM(CONCATENATE(N9," ",O9," ",P9," ",Q9," ",R9)) | T9: =Data!G10 -> 0.33333333 | U9: =Data!H10 -> 0.45833333 | V9: =Data!I10 -> 0 | W9: =Data!J10 -> 0.58333333 | X9: =Data!K10 -> 2.5
A10: =Data!A11 -> Driver 3 | B10: =IF(Data!C11="","",Data!C11) -> First Name | C10: =IF(Data!D11="","",Data!D11) -> Last Name | D10: =CONCATENATE(B10," ",C10) -> First Name Last Name | E10: =Data!E11 -> D | F10: =Data!F11 -> America8Day | G10: =OR(ISNUMBER(SEARCH("D",E10)),ISNUMBER(SEARCH("YM",E10))) -> TRUE | H10: =IF(AND(I10="OK",J10="OK",K10="OK",L10="OK",M10="OK")=TRUE,"NO","YES") -> NO | I10: =IF(OR(ISNUMBER(SEARCH("Canada",F10)), ISNUMBER(SEARCH("None",F10)),ISNUMBER(SEARCH("Short",F10)),ISNUMBER(SEARCH("Alaska",F10))),"OK",IF(AND(G10=TRUE,T10<=((Summary!$A$5*60)+Summary!$B$5)/1440),"ALERT","OK")) -> OK | J10: =IF(ISNUMBER(SEARCH("None",F10)),"OK",IF(AND(G10=TRUE,U10<=((Summary!$A$5*60)+Summary!$B$5)/1440),"ALERT","OK")) -> OK | K10: =IF(ISNUMBER(SEARCH("None",F10)),"OK",IF(AND(G10=TRUE,OR(ISNUMBER(SEARCH("Texas",F10)),ISNUMBER(SEARCH("Canada",F10))),V10<=((Summary!$A$5*60)+Summary!$B$5)/1440),"ALERT","OK")) -> OK | L10: =IF(ISNUMBER(SEARCH("None",F10)),"OK",IF(AND(G10=TRUE,W10<=((Summary!$A$5*60)+Summary!$B$5)/1440),"ALERT","OK")) -> OK | M10: =IF(ISNUMBER(SEARCH("None",F10)),"OK",IF(AND(G10=TRUE,X10<=((Summary!$A$5*60)+Summary!$B$5)/1440),"ALERT","OK")) -> OK | N10: =IF(I10="OK","","Rest") | O10: =IF(J10="OK","","Driving") | P10: =IF(K10="OK","","Duty") | Q10: =IF(L10="OK","","Workday") | R10: =IF(M10="OK","","Cycle") | S10: =TRIM(CONCATENATE(N10," ",O10," ",P10," ",Q10," ",R10)) | T10: =Data!G11 -> 0.33333333 | U10: =Data!H11 -> 0.45833333 | V10: =Data!I11 -> 0 | W10: =Data!J11 -> 0.58333333 | X10: =Data!K11 -> 2.9166667
A11: =Data!A12 -> Driver 4 | B11: =IF(Data!C12="","",Data!C12) -> First Name | C11: =IF(Data!D12="","",Data!D12) -> Last Name | D11: =CONCATENATE(B11," ",C11) -> First Name Last Name | E11: =Data!E12 -> ON | F11: =Data!F12 -> Florida7Day | G11: =OR(ISNUMBER(SEARCH("D",E11)),ISNUMBER(SEARCH("YM",E11))) -> FALSE | H11: =IF(AND(I11="OK",J11="OK",K11="OK",L11="OK",M11="OK")=TRUE,"NO","YES") -> NO | I11: =IF(OR(ISNUMBER(SEARCH("Canada",F11)), ISNUMBER(SEARCH("None",F11)),ISNUMBER(SEARCH("Short",F11)),ISNUMBER(SEARCH("Alaska",F11))),"OK",IF(AND(G11=TRUE,T11<=((Summary!$A$5*60)+Summary!$B$5)/1440),"ALERT","OK")) -> OK | J11: =IF(ISNUMBER(SEARCH("None",F11)),"OK",IF(AND(G11=TRUE,U11<=((Summary!$A$5*60)+Summary!$B$5)/1440),"ALERT","OK")) -> OK | K11: =IF(ISNUMBER(SEARCH("None",F11)),"OK",IF(AND(G11=TRUE,OR(ISNUMBER(SEARCH("Texas",F11)),ISNUMBER(SEARCH("Canada",F11))),V11<=((Summary!$A$5*60)+Summary!$B$5)/1440),"ALERT","OK")) -> OK | L11: =IF(ISNUMBER(SEARCH("None",F11)),"OK",IF(AND(G11=TRUE,W11<=((Summary!$A$5*60)+Summary!$B$5)/1440),"ALERT","OK")) -> OK | M11: =IF(ISNUMBER(SEARCH("None",F11)),"OK",IF(AND(G11=TRUE,X11<=((Summary!$A$5*60)+Summary!$B$5)/1440),"ALERT","OK")) -> OK | N11: =IF(I11="OK","","Rest") | O11: =IF(J11="OK","","Driving") | P11: =IF(K11="OK","","Duty") | Q11: =IF(L11="OK","","Workday") | R11: =IF(M11="OK","","Cycle") | S11: =TRIM(CONCATENATE(N11," ",O11," ",P11," ",Q11," ",R11)) | T11: =Data!G12 -> 0 | U11: =Data!H12 -> 0.5 | V11: =Data!I12 -> 0 | W11: =Data!J12 -> 0.66666667 | X11: =Data!K12 -> 2.9166667
A12: =Data!A13 -> Driver 5 | B12: =IF(Data!C13="","",Data!C13) -> First Name | C12: =IF(Data!D13="","",Data!D13) -> Last Name | D12: =CONCATENATE(B12," ",C12) -> First Name Last Name | E12: =Data!E13 -> ON | F12: =Data!F13 -> None | G12: =OR(ISNUMBER(SEARCH("D",E12)),ISNUMBER(SEARCH("YM",E12))) -> FALSE | H12: =IF(AND(I12="OK",J12="OK",K12="OK",L12="OK",M12="OK")=TRUE,"NO","YES") -> NO | I12: =IF(OR(ISNUMBER(SEARCH("Canada",F12)), ISNUMBER(SEARCH("None",F12)),ISNUMBER(SEARCH("Short",F12)),ISNUMBER(SEARCH("Alaska",F12))),"OK",IF(AND(G12=TRUE,T12<=((Summary!$A$5*60)+Summary!$B$5)/1440),"ALERT","OK")) -> OK | J12: =IF(ISNUMBER(SEARCH("None",F12)),"OK",IF(AND(G12=TRUE,U12<=((Summary!$A$5*60)+Summary!$B$5)/1440),"ALERT","OK")) -> OK | K12: =IF(ISNUMBER(SEARCH("None",F12)),"OK",IF(AND(G12=TRUE,OR(ISNUMBER(SEARCH("Texas",F12)),ISNUMBER(SEARCH("Canada",F12))),V12<=((Summary!$A$5*60)+Summary!$B$5)/1440),"ALERT","OK")) -> OK | L12: =IF(ISNUMBER(SEARCH("None",F12)),"OK",IF(AND(G12=TRUE,W12<=((Summary!$A$5*60)+Summary!$B$5)/1440),"ALERT","OK")) -> OK | M12: =IF(ISNUMBER(SEARCH("None",F12)),"OK",IF(AND(G12=TRUE,X12<=((Summary!$A$5*60)+Summary!$B$5)/1440),"ALERT","OK")) -> OK | N12: =IF(I12="OK","","Rest") | O12: =IF(J12="OK","","Driving") | P12: =IF(K12="OK","","Duty") | Q12: =IF(L12="OK","","Workday") | R12: =IF(M12="OK","","Cycle") | S12: =TRIM(CONCATENATE(N12," ",O12," ",P12," ",Q12," ",R12)) | T12: =Data!G13 -> 0 | U12: =Data!H13 -> 0 | V12: =Data!I13 -> 0 | W12: =Data!J13 -> 0 | X12: =Data!K13 -> 0
A13: =Data!A14 -> Driver 6 | B13: =IF(Data!C14="","",Data!C14) -> First Name | C13: =IF(Data!D14="","",Data!D14) -> Last Name | D13: =CONCATENATE(B13," ",C13) -> First Name Last Name | E13: =Data!E14 -> D | F13: =Data!F14 -> AmericaTexasShortHaul8Day | G13: =OR(ISNUMBER(SEARCH("D",E13)),ISNUMBER(SEARCH("YM",E13))) -> TRUE | H13: =IF(AND(I13="OK",J13="OK",K13="OK",L13="OK",M13="OK")=TRUE,"NO","YES") -> YES | I13: =IF(OR(ISNUMBER(SEARCH("Canada",F13)), ISNUMBER(SEARCH("None",F13)),ISNUMBER(SEARCH("Short",F13)),ISNUMBER(SEARCH("Alaska",F13))),"OK",IF(AND(G13=TRUE,T13<=((Summary!$A$5*60)+Summary!$B$5)/1440),"ALERT","OK")) -> OK | J13: =IF(ISNUMBER(SEARCH("None",F13)),"OK",IF(AND(G13=TRUE,U13<=((Summary!$A$5*60)+Summary!$B$5)/1440),"ALERT","OK")) -> OK | K13: =IF(ISNUMBER(SEARCH("None",F13)),"OK",IF(AND(G13=TRUE,OR(ISNUMBER(SEARCH("Texas",F13)),ISNUMBER(SEARCH("Canada",F13))),V13<=((Summary!$A$5*60)+Summary!$B$5)/1440),"ALERT","OK")) -> ALERT | L13: =IF(ISNUMBER(SEARCH("None",F13)),"OK",IF(AND(G13=TRUE,W13<=((Summary!$A$5*60)+Summary!$B$5)/1440),"ALERT","OK")) -> ALERT | M13: =IF(ISNUMBER(SEARCH("None",F13)),"OK",IF(AND(G13=TRUE,X13<=((Summary!$A$5*60)+Summary!$B$5)/1440),"ALERT","OK")) -> ALERT | N13: =IF(I13="OK","","Rest") | O13: =IF(J13="OK","","Driving") | P13: =IF(K13="OK","","Duty") -> Duty | Q13: =IF(L13="OK","","Workday") -> Workday | R13: =IF(M13="OK","","Cycle") -> Cycle | S13: =TRIM(CONCATENATE(N13," ",O13," ",P13," ",Q13," ",R13)) -> Duty Workday Cycle | T13: =Data!G14 -> 0 | U13: =Data!H14 -> 0.5 | V13: =Data!I14 -> 0 | W13: =Data!J14 -> 0 | X13: =Data!K14 -> 0
A14: =Data!A15 -> Driver 7 | B14: =IF(Data!C15="","",Data!C15) -> First Name | C14: =IF(Data!D15="","",Data!D15) -> Last Name | D14: =CONCATENATE(B14," ",C14) -> First Name Last Name | E14: =Data!E15 -> ON | F14: =Data!F15 -> America8Day | G14: =OR(ISNUMBER(SEARCH("D",E14)),ISNUMBER(SEARCH("YM",E14))) -> FALSE | H14: =IF(AND(I14="OK",J14="OK",K14="OK",L14="OK",M14="OK")=TRUE,"NO","YES") -> NO | I14: =IF(OR(ISNUMBER(SEARCH("Canada",F14)), ISNUMBER(SEARCH("None",F14)),ISNUMBER(SEARCH("Short",F14)),ISNUMBER(SEARCH("Alaska",F14))),"OK",IF(AND(G14=TRUE,T14<=((Summary!$A$5*60)+Summary!$B$5)/1440),"ALERT","OK")) -> OK | J14: =IF(ISNUMBER(SEARCH("None",F14)),"OK",IF(AND(G14=TRUE,U14<=((Summary!$A$5*60)+Summary!$B$5)/1440),"ALERT","OK")) -> OK | K14: =IF(ISNUMBER(SEARCH("None",F14)),"OK",IF(AND(G14=TRUE,OR(ISNUMBER(SEARCH("Texas",F14)),ISNUMBER(SEARCH("Canada",F14))),V14<=((Summary!$A$5*60)+Summary!$B$5)/1440),"ALERT","OK")) -> OK | L14: =IF(ISNUMBER(SEARCH("None",F14)),"OK",IF(AND(G14=TRUE,W14<=((Summary!$A$5*60)+Summary!$B$5)/1440),"ALERT","OK")) -> OK | M14: =IF(ISNUMBER(SEARCH("None",F14)),"OK",IF(AND(G14=TRUE,X14<=((Summary!$A$5*60)+Summary!$B$5)/1440),"ALERT","OK")) -> OK | N14: =IF(I14="OK","","Rest") | O14: =IF(J14="OK","","Driving") | P14: =IF(K14="OK","","Duty") | Q14: =IF(L14="OK","","Workday") | R14: =IF(M14="OK","","Cycle") | S14: =TRIM(CONCATENATE(N14," ",O14," ",P14," ",Q14," ",R14)) | T14: =Data!G15 -> 0 | U14: =Data!H15 -> 0 | V14: =Data!I15 -> 0 | W14: =Data!J15 -> 0 | X14: =Data!K15 -> 0
A15: =Data!A16 -> Driver 8 | B15: =IF(Data!C16="","",Data!C16) -> First Name | C15: =IF(Data!D16="","",Data!D16) -> Last Name | D15: =CONCATENATE(B15," ",C15) -> First Name Last Name | E15: =Data!E16 -> OFF | F15: =Data!F16 -> America7Day | G15: =OR(ISNUMBER(SEARCH("D",E15)),ISNUMBER(SEARCH("YM",E15))) -> FALSE | H15: =IF(AND(I15="OK",J15="OK",K15="OK",L15="OK",M15="OK")=TRUE,"NO","YES") -> NO | I15: =IF(OR(ISNUMBER(SEARCH("Canada",F15)), ISNUMBER(SEARCH("None",F15)),ISNUMBER(SEARCH("Short",F15)),ISNUMBER(SEARCH("Alaska",F15))),"OK",IF(AND(G15=TRUE,T15<=((Summary!$A$5*60)+Summary!$B$5)/1440),"ALERT","OK")) -> OK | J15: =IF(ISNUMBER(SEARCH("None",F15)),"OK",IF(AND(G15=TRUE,U15<=((Summary!$A$5*60)+Summary!$B$5)/1440),"ALERT","OK")) -> OK | K15: =IF(ISNUMBER(SEARCH("None",F15)),"OK",IF(AND(G15=TRUE,OR(ISNUMBER(SEARCH("Texas",F15)),ISNUMBER(SEARCH("Canada",F15))),V15<=((Summary!$A$5*60)+Summary!$B$5)/1440),"ALERT","OK")) -> OK | L15: =IF(ISNUMBER(SEARCH("None",F15)),"OK",IF(AND(G15=TRUE,W15<=((Summary!$A$5*60)+Summary!$B$5)/1440),"ALERT","OK")) -> OK | M15: =IF(ISNUMBER(SEARCH("None",F15)),"OK",IF(AND(G15=TRUE,X15<=((Summary!$A$5*60)+Summary!$B$5)/1440),"ALERT","OK")) -> OK | N15: =IF(I15="OK","","Rest") | O15: =IF(J15="OK","","Driving") | P15: =IF(K15="OK","","Duty") | Q15: =IF(L15="OK","","Workday") | R15: =IF(M15="OK","","Cycle") | S15: =TRIM(CONCATENATE(N15," ",O15," ",P15," ",Q15," ",R15)) | T15: =Data!G16 -> 0.33333333 | U15: =Data!H16 -> 0.45833333 | V15: =Data!I16 -> 0 | W15: =Data!J16 -> 0.58333333 | X15: =Data!K16 -> 2.5
A16: =Data!A17 -> Driver 9 | B16: =IF(Data!C17="","",Data!C17) -> First Name | C16: =IF(Data!D17="","",Data!D17) -> Last Name | D16: =CONCATENATE(B16," ",C16) -> First Name Last Name | E16: =Data!E17 -> OFF | F16: =Data!F17 -> CanadaCycleOne | G16: =OR(ISNUMBER(SEARCH("D",E16)),ISNUMBER(SEARCH("YM",E16))) -> FALSE | H16: =IF(AND(I16="OK",J16="OK",K16="OK",L16="OK",M16="OK")=TRUE,"NO","YES") -> NO | I16: =IF(OR(ISNUMBER(SEARCH("Canada",F16)), ISNUMBER(SEARCH("None",F16)),ISNUMBER(SEARCH("Short",F16)),ISNUMBER(SEARCH("Alaska",F16))),"OK",IF(AND(G16=TRUE,T16<=((Summary!$A$5*60)+Summary!$B$5)/1440),"ALERT","OK")) -> OK | J16: =IF(ISNUMBER(SEARCH("None",F16)),"OK",IF(AND(G16=TRUE,U16<=((Summary!$A$5*60)+Summary!$B$5)/1440),"ALERT","OK")) -> OK | K16: =IF(ISNUMBER(SEARCH("None",F16)),"OK",IF(AND(G16=TRUE,OR(ISNUMBER(SEARCH("Texas",F16)),ISNUMBER(SEARCH("Canada",F16))),V16<=((Summary!$A$5*60)+Summary!$B$5)/1440),"ALERT","OK")) -> OK | L16: =IF(ISNUMBER(SEARCH("None",F16)),"OK",IF(AND(G16=TRUE,W16<=((Summary!$A$5*60)+Summary!$B$5)/1440),"ALERT","OK")) -> OK | M16: =IF(ISNUMBER(SEARCH("None",F16)),"OK",IF(AND(G16=TRUE,X16<=((Summary!$A$5*60)+Summary!$B$5)/1440),"ALERT","OK")) -> OK | N16: =IF(I16="OK","","Rest") | O16: =IF(J16="OK","","Driving") | P16: =IF(K16="OK","","Duty") | Q16: =IF(L16="OK","","Workday") | R16: =IF(M16="OK","","Cycle") | S16: =TRIM(CONCATENATE(N16," ",O16," ",P16," ",Q16," ",R16)) | T16: =Data!G17 -> 0 | U16: =Data!H17 -> 0.54166667 | V16: =Data!I17 -> 0.58333333 | W16: =Data!J17 -> 0.66666667 | X16: =Data!K17 -> 2.9166667
A17: =Data!A18 -> Driver 10 | B17: =IF(Data!C18="","",Data!C18) -> First Name | C17: =IF(Data!D18="","",Data!D18) -> Last Name | D17: =CONCATENATE(B17," ",C17) -> First Name Last Name | E17: =Data!E18 -> OFF | F17: =Data!F18 -> CaliforniaProperty | G17: =OR(ISNUMBER(SEARCH("D",E17)),ISNUMBER(SEARCH("YM",E17))) -> FALSE | H17: =IF(AND(I17="OK",J17="OK",K17="OK",L17="OK",M17="OK")=TRUE,"NO","YES") -> NO | I17: =IF(OR(ISNUMBER(SEARCH("Canada",F17)), ISNUMBER(SEARCH("None",F17)),ISNUMBER(SEARCH("Short",F17)),ISNUMBER(SEARCH("Alaska",F17))),"OK",IF(AND(G17=TRUE,T17<=((Summary!$A$5*60)+Summary!$B$5)/1440),"ALERT","OK")) -> OK | J17: =IF(ISNUMBER(SEARCH("None",F17)),"OK",IF(AND(G17=TRUE,U17<=((Summary!$A$5*60)+Summary!$B$5)/1440),"ALERT","OK")) -> OK | K17: =IF(ISNUMBER(SEARCH("None",F17)),"OK",IF(AND(G17=TRUE,OR(ISNUMBER(SEARCH("Texas",F17)),ISNUMBER(SEARCH("Canada",F17))),V17<=((Summary!$A$5*60)+Summary!$B$5)/1440),"ALERT","OK")) -> OK | L17: =IF(ISNUMBER(SEARCH("None",F17)),"OK",IF(AND(G17=TRUE,W17<=((Summary!$A$5*60)+Summary!$B$5)/1440),"ALERT","OK")) -> OK | M17: =IF(ISNUMBER(SEARCH("None",F17)),"OK",IF(AND(G17=TRUE,X17<=((Summary!$A$5*60)+Summary!$B$5)/1440),"ALERT","OK")) -> OK | N17: =IF(I17="OK","","Rest") | O17: =IF(J17="OK","","Driving") | P17: =IF(K17="OK","","Duty") | Q17: =IF(L17="OK","","Workday") | R17: =IF(M17="OK","","Cycle") | S17: =TRIM(CONCATENATE(N17," ",O17," ",P17," ",Q17," ",R17)) | T17: =Data!G18 -> 0 | U17: =Data!H18 -> 0.5 | V17: =Data!I18 -> 0 | W17: =Data!J18 -> 0.66666667 | X17: =Data!K18 -> 3.2227679
A18: =Data!A19 -> Driver 11 | B18: =IF(Data!C19="","",Data!C19) -> First Name | C18: =IF(Data!D19="","",Data!D19) -> Last Name | D18: =CONCATENATE(B18," ",C18) -> First Name Last Name | E18: =Data!E19 -> OFF | F18: =Data!F19 -> CanadaCycleOne | G18: =OR(ISNUMBER(SEARCH("D",E18)),ISNUMBER(SEARCH("YM",E18))) -> FALSE | H18: =IF(AND(I18="OK",J18="OK",K18="OK",L18="OK",M18="OK")=TRUE,"NO","YES") -> NO | I18: =IF(OR(ISNUMBER(SEARCH("Canada",F18)), ISNUMBER(SEARCH("None",F18)),ISNUMBER(SEARCH("Short",F18)),ISNUMBER(SEARCH("Alaska",F18))),"OK",IF(AND(G18=TRUE,T18<=((Summary!$A$5*60)+Summary!$B$5)/1440),"ALERT","OK")) -> OK | J18: =IF(ISNUMBER(SEARCH("None",F18)),"OK",IF(AND(G18=TRUE,U18<=((Summary!$A$5*60)+Summary!$B$5)/1440),"ALERT","OK")) -> OK | K18: =IF(ISNUMBER(SEARCH("None",F18)),"OK",IF(AND(G18=TRUE,OR(ISNUMBER(SEARCH("Texas",F18)),ISNUMBER(SEARCH("Canada",F18))),V18<=((Summary!$A$5*60)+Summary!$B$5)/1440),"ALERT","OK")) -> OK | L18: =IF(ISNUMBER(SEARCH("None",F18)),"OK",IF(AND(G18=TRUE,W18<=((Summary!$A$5*60)+Summary!$B$5)/1440),"ALERT","OK")) -> OK | M18: =IF(ISNUMBER(SEARCH("None",F18)),"OK",IF(AND(G18=TRUE,X18<=((Summary!$A$5*60)+Summary!$B$5)/1440),"ALERT","OK")) -> OK | N18: =IF(I18="OK","","Rest") | O18: =IF(J18="OK","","Driving") | P18: =IF(K18="OK","","Duty") | Q18: =IF(L18="OK","","Workday") | R18: =IF(M18="OK","","Cycle") | S18: =TRIM(CONCATENATE(N18," ",O18," ",P18," ",Q18," ",R18)) | T18: =Data!G19 -> 0 | U18: =Data!H19 -> 0.54166667 | V18: =Data!I19 -> 0.58333333 | W18: =Data!J19 -> 0.66666667 | X18: =Data!K19 -> 2.9166667
A19: =Data!A20 -> Driver 12 | B19: =IF(Data!C20="","",Data!C20) -> First Name | C19: =IF(Data!D20="","",Data!D20) -> Last Name | D19: =CONCATENATE(B19," ",C19) -> First Name Last Name | E19: =Data!E20 -> OFF | F19: =Data!F20 -> CanadaCycleOne | G19: =OR(ISNUMBER(SEARCH("D",E19)),ISNUMBER(SEARCH("YM",E19))) -> FALSE | H19: =IF(AND(I19="OK",J19="OK",K19="OK",L19="OK",M19="OK")=TRUE,"NO","YES") -> NO | I19: =IF(OR(ISNUMBER(SEARCH("Canada",F19)), ISNUMBER(SEARCH("None",F19)),ISNUMBER(SEARCH("Short",F19)),ISNUMBER(SEARCH("Alaska",F19))),"OK",IF(AND(G19=TRUE,T19<=((Summary!$A$5*60)+Summary!$B$5)/1440),"ALERT","OK")) -> OK | J19: =IF(ISNUMBER(SEARCH("None",F19)),"OK",IF(AND(G19=TRUE,U19<=((Summary!$A$5*60)+Summary!$B$5)/1440),"ALERT","OK")) -> OK | K19: =IF(ISNUMBER(SEARCH("None",F19)),"OK",IF(AND(G19=TRUE,OR(ISNUMBER(SEARCH("Texas",F19)),ISNUMBER(SEARCH("Canada",F19))),V19<=((Summary!$A$5*60)+Summary!$B$5)/1440),"ALERT","OK")) -> OK | L19: =IF(ISNUMBER(SEARCH("None",F19)),"OK",IF(AND(G19=TRUE,W19<=((Summary!$A$5*60)+Summary!$B$5)/1440),"ALERT","OK")) -> OK | M19: =IF(ISNUMBER(SEARCH("None",F19)),"OK",IF(AND(G19=TRUE,X19<=((Summary!$A$5*60)+Summary!$B$5)/1440),"ALERT","OK")) -> OK | N19: =IF(I19="OK","","Rest") | O19: =IF(J19="OK","","Driving") | P19: =IF(K19="OK","","Duty") | Q19: =IF(L19="OK","","Workday") | R19: =IF(M19="OK","","Cycle") | S19: =TRIM(CONCATENATE(N19," ",O19," ",P19," ",Q19," ",R19)) | T19: =Data!G20 -> 0 | U19: =Data!H20 -> 0.54166667 | V19: =Data!I20 -> 0.58333333 | W19: =Data!J20 -> 0.66666667 | X19: =Data!K20 -> 2.9166667
... A64: =Data!A65 -> Driver 57 | B64: =IF(Data!C65="","",Data!C65) -> First Name | C64: =IF(Data!D65="","",Data!D65) -> Last Name | D64: =CONCATENATE(B64," ",C64) -> First Name Last Name | E64: =Data!E65 -> OFF | F64: =Data!F65 -> None | G64: =OR(ISNUMBER(SEARCH("D",E64)),ISNUMBER(SEARCH("YM",E64))) -> FALSE | H64: =IF(AND(I64="OK",J64="OK",K64="OK",L64="OK",M64="OK")=TRUE,"NO","YES") -> NO | I64: =IF(OR(ISNUMBER(SEARCH("Canada",F64)), ISNUMBER(SEARCH("None",F64)),ISNUMBER(SEARCH("Short",F64)),ISNUMBER(SEARCH("Alaska",F64))),"OK",IF(AND(G64=TRUE,T64<=((Summary!$A$5*60)+Summary!$B$5)/1440),"ALERT","OK")) -> OK | J64: =IF(ISNUMBER(SEARCH("None",F64)),"OK",IF(AND(G64=TRUE,U64<=((Summary!$A$5*60)+Summary!$B$5)/1440),"ALERT","OK")) -> OK | K64: =IF(ISNUMBER(SEARCH("None",F64)),"OK",IF(AND(G64=TRUE,OR(ISNUMBER(SEARCH("Texas",F64)),ISNUMBER(SEARCH("Canada",F64))),V64<=((Summary!$A$5*60)+Summary!$B$5)/1440),"ALERT","OK")) -> OK | L64: =IF(ISNUMBER(SEARCH("None",F64)),"OK",IF(AND(G64=TRUE,W64<=((Summary!$A$5*60)+Summary!$B$5)/1440),"ALERT","OK")) -> OK | M64: =IF(ISNUMBER(SEARCH("None",F64)),"OK",IF(AND(G64=TRUE,X64<=((Summary!$A$5*60)+Summary!$B$5)/1440),"ALERT","OK")) -> OK | N64: =IF(I64="OK","","Rest") | O64: =IF(J64="OK","","Driving") | P64: =IF(K64="OK","","Duty") | Q64: =IF(L64="OK","","Workday") | R64: =IF(M64="OK","","Cycle") | S64: =TRIM(CONCATENATE(N64," ",O64," ",P64," ",Q64," ",R64)) | T64: =Data!G65 -> 0 | U64: =Data!H65 -> 0 | V64: =Data!I65 -> 0 | W64: =Data!J65 -> 0 | X64: =Data!K65 -> 0

Sheet Summary
A1: **Drivers Approaching Limit | C1: =Data!B2 -> 43172.538
A2: =Data!B1 -> ABC Company
D3: **Input the desired potential violation threshold hours in cell A5 and minutes in cell B5 (default is 10 minutes). This report will show a driver as having a potential violation if they are still in a driving status with any of the pertaining Rest, Driving, Duty, Workday, and Cycle times being less than or equal to the potential violation threshold.
A4: **Hours | B4: **Minutes
A5: 0 | B5: 10
A9: Potential Violation | B9: YES
A11: **Driver | B11: **Full Name | C11: **HOS Ruleset | D11: **HOS Status | E11: **Rest | F11: **Driving | G11: **Duty | H11: **Workday | I11: **Cycle
A12: Driver 16 | B12: First Name Last Name | C12: America8Day | D12: YM | E12: ALERT | F12: ALERT | G12: OK | H12: ALERT | I12: ALERT
A13: Driver 18 | B13: First Name Last Name | C13: America8DayBig | D13: D | E13: ALERT | F13: OK | G13: OK | H13: ALERT | I13: ALERT
A14: Driver 23 | B14: First Name Last Name | C14: America7Day | D14: D | E14: ALERT | F14: OK | G14: OK | H14: ALERT | I14: ALERT
A15: Driver 25 | B15: First Name Last Name | C15: America7Day | D15: D | E15: ALERT | F15: OK | G15: OK | H15: ALERT | I15: ALERT
A16: Driver 30 | B16: First Name Last Name | C16: America7DayBig | D16: YM | E16: ALERT | F16: OK | G16: OK | H16: ALERT | I16: ALERT
A17: Driver 51 | B17: First Name Last Name | C17: OilTransport7Day | D17: D | E17: ALERT | F17: OK | G17: OK | H17: ALERT | I17: ALERT
A18: Driver 6 | B18: First Name Last Name | C18: AmericaTexasShortHaul8Day | D18: D | E18: OK | F18: OK | G18: ALERT | H18: ALERT | I18: ALERT

Sheet Approaching Limit
B2: **Drivers Approaching Limit
B4: =Report!A5 -> 7
B17: =Data!B2 -> 43172.538

Sheet Data
A1: CompanyName | B1: ABC Company
A2: RunDate | B2: 43172.538
A3: DistanceUnit | B3: miles
A4: SpeedUnit | B4: mph
A5: SendReport | B5: TRUE
A6: LastModifiedUser | B6: mygproduct@geotab.com
A7: Language | B7: en
A8: .Driver.UserName | B8: .Driver.UserId | C8: .Driver.UserFirstName | D8: .Driver.UserLastName | E8: DutyStatusStatus | F8: UserHosRuleSet | G8: HosAvailabilityRest | H8: HosAvailabilityDriving | I8: HosAvailabilityDuty | J8: HosAvailabilityWorkday | K8: HosAvailabilityCycle
A9: Driver 1 | B9: b3B | C9: First Name | D9: Last Name | E9: OFF | F9: None | G9: 0 | H9: 0 | I9: 0 | J9: 0 | K9: 0
A10: Driver 2 | B10: b3B | C10: First Name | D10: Last Name | E10: OFF | F10: America7DayBig | G10: 0.33333333 | H10: 0.45833333 | I10: 0 | J10: 0.58333333 | K10: 2.5
A11: Driver 3 | B11: b3B | C11: First Name | D11: Last Name | E11: D | F11: America8Day | G11: 0.33333333 | H11: 0.45833333 | I11: 0 | J11: 0.58333333 | K11: 2.9166667
A12: Driver 4 | B12: b3B | C12: First Name | D12: Last Name | E12: ON | F12: Florida7Day | G12: 0 | H12: 0.5 | I12: 0 | J12: 0.66666667 | K12: 2.9166667
A13: Driver 5 | B13: b3B | C13: First Name | D13: Last Name | E13: ON | F13: None | G13: 0 | H13: 0 | I13: 0 | J13: 0 | K13: 0
A14: Driver 6 | B14: b3B | C14: First Name | D14: Last Name | E14: D | F14: AmericaTexasShortHaul8Day | G14: 0 | H14: 0.5 | I14: 0 | J14: 0 | K14: 0
A15: Driver 7 | B15: b3B | C15: First Name | D15: Last Name | E15: ON | F15: America8Day | G15: 0 | H15: 0 | I15: 0 | J15: 0 | K15: 0
A16: Driver 8 | B16: b3B | C16: First Name | D16: Last Name | E16: OFF | F16: America7Day | G16: 0.33333333 | H16: 0.45833333 | I16: 0 | J16: 0.58333333 | K16: 2.5
A17: Driver 9 | B17: b3B | C17: First Name | D17: Last Name | E17: OFF | F17: CanadaCycleOne | G17: 0 | H17: 0.54166667 | I17: 0.58333333 | J17: 0.66666667 | K17: 2.9166667
A18: Driver 10 | B18: b3B | C18: First Name | D18: Last Name | E18: OFF | F18: CaliforniaProperty | G18: 0 | H18: 0.5 | I18: 0 | J18: 0.66666667 | K18: 3.2227679
A19: Driver 11 | B19: b3B | C19: First Name | D19: Last Name | E19: OFF | F19: CanadaCycleOne | G19: 0 | H19: 0.54166667 | I19: 0.58333333 | J19: 0.66666667 | K19: 2.9166667
A20: Driver 12 | B20: b3B | C20: First Name | D20: Last Name | E20: OFF | F20: CanadaCycleOne | G20: 0 | H20: 0.54166667 | I20: 0.58333333 | J20: 0.66666667 | K20: 2.9166667
... A65: Driver 57 | B65: b3B | C65: First Name | D65: Last Name | E65: OFF | F65: None | G65: 0 | H65: 0 | I65: 0 | J65: 0 | K65: 0

Sheet Languages
A1: English | B1: French | C1: Spanish | D1: German | E1: Japanese | F1: Polish | G1: Portuguese-Brazil | H1: Dutch | I1: Italian | J1: Mandarin
A2: **Driver | B2: Conducteur | C2: Conductor | D2: Fahrer | E2: ドライバー | F2: Kierowca | G2: Motorista | H2: Chauffeur | I2: Conducente | J2: 驾驶员
A3: **HOS Status | B3: État des HDS | C3: Estado de HDS | D3: Lenkzeit-Status | E3: HOS ステータス | F3: Status czasu pracy | G3: Status HOS | H3: DU-status | I3: Stato HOS | J3: HOS Status
A4: **HOS Ruleset | B4: Ensemble de règles HDS | C4: Conjunto de reglas de HDS | D4: Lenkzeiten-Regelsatz | E4: HOS ルールセット | F4: Zestaw reguł czasu pracy | G4: Ruleset HOS | H4: DU-regelset | I4: Set di regole HOS | J4: HOS Ruleset
A5: **Rest available | B5: Repos disponible | C5: Descanso disponible | D5: Pause verfügbar | E5: 「休憩」残あり | F5: Dostępny odpoczynek | G5: Descanso disponível | H5: Rust beschikbaar | I5: Riposo disponibile | J5: Rest available
A6: **Driving available | B6: Conduite disponible | C6: Conducción disponible | D6: Fahren verfügbar | E6: 「運転」残あり | F6: Dostępny czas jazdy | G6: Condução disponível | H6: Rijden beschikbaar | I6: Guida disponibile | J6: Driving available
A7: **Duty available | B7: Service disponible | C7: Servicio disponible | D7: Einsatzstatus verfügbar | E7: 「職務」残あり | F7: Dostępna praca | G7: Tarefa disponível | H7: Dienst beschikbaar | I7: Servizio disponibile | J7: Duty available
A8: **Workday available | B8: Journée de travail disponible | C8: Jornada de trabajo disponible | D8: Arbeitstag verfügbar | E8: 「実働」残あり | F8: Dostępny dzień roboczy | G8: Dia útil disponível | H8: Werkdag beschikbaar | I8: Giorno lavorativo disponibile | J8: Workday available
A9: **Cycle available | B9: Cycle disponible | C9: Ciclo disponible | D9: Zyklus verfügbar | E9: 「サイクル」残あり | F9: Dostępny cykl | G9: Ciclo disponível | H9: Cyclus beschikbaar | I9: Ciclo disponibile | J9: Cycle available
A10: **Summary | B10: Sommaire | C10: Resumen | D10: Zusammenfassung | E10: 走行データ | F10: Podsumowanie | G10: Resumo | H10: Overzicht | I10: Riassunto | J10: Summary
A11: **Created | B11: Créé | C11: Creado | D11: Angelegt | E11: 作成済 | F11: Utworzono | G11: Criado em | H11: Aangemaakt | I11: Creato | J11: 创建日期
A12: **From | B12: À partir de | C12: De | D12: Von | E12: から | F12: Od | G12: De | H12: Van | I12: Da | J12: 自
... A16: **Advanced HOS Availability Logs | B16: Registres de disponibilité HOS avancés | C16: Registros avanzados de disponibilidad de HDS | D16: Erweiterte Protokolle Lenkzeit-Verfügbarkeit | E16: 利用可能 HOS の有無の高度なログ記録 | F16: Zaawansowane dzienniki dostępności czasu pracy | G16: Registros avançados da disponibilidade de HOS | H16: Geavanceerde DU-beschikbaarheidslogboeken | I16: Registri avanzati di disponibilità HOS | J16: Advanced HOS Availability Logs
A17: **Input the desired potential violation threshold hours in cell A5 and minutes in cell B5 (default is 10 minutes). This report will show a driver as having a potential violation if they are still in a driving status with any of the pertaining Rest, Driving, Duty, Workday, and Cycle times being less than or equal to the potential violation threshold.
A18: **Rest
A19: **Driving
A20: **Duty
A21: **Workday
A22: **Cycle
A23: **Drivers Approaching Limit
A24: **Approaching Limit
A25: **Full Name
A26: **Hours
A27: **Minutes
A28: **Rest Availability
... A32: **Cycle Availability
