Workbook
Name AllData: Report!$A$8:$O$10

Sheet Data
A1: CompanyName | B1: ABC Company
A2: RunDate | B2: 42796.698
A3: FromDate | B3: 42796
A4: ToDate | B4: 42797
A5: DistanceUnit | B5: km
A6: SpeedUnit | B6: km/h
A7: SendReport | B7: TRUE
A8: LastModifiedUser | B8: Kyledodsworth@geotab.com
A9: Language | B9: en
A10: DutyStatusDateTime | B10: DutyStatusStatus | C10: .StatusLog.Device.DeviceName | D10: .StatusLog.Device.DeviceId | E10: .StatusLog.Device.DeviceComment | F10: .StatusLog.Device.DeviceGroup | G10: .StatusLog.Driver.UserFirstName | H10: .StatusLog.Driver.UserLastName | I10: .StatusLog.Driver.UserName | J10: DutyStatusId | K10: DutyStatusCoDrivers | L10: DutyStatusDetailTrailers | M10: DutyStatusDetailOdometer | N10: DutyStatusDetailDistance | O10: DutyStatusDetailLongitude | P10: DutyStatusDetailLatitude | Q10: DutyStatusDetailHosRuleSet | R10: DutyStatusLocation | S10: DutyStatusDetailAnnotations | T10: DutyStatusOrigin | U10: DutyStatusVerifyDateTime | V10: DutyStatusEditDateTime
A11: 42796.426 | B11: ON | C11: 707 | D11: b3 | E11: test comment | F11: Group 1 | G11: Ron | H11: Vally | I11: 100488 | L11: T1 | M11: 754181.75 | N11: 0.50995314 | O11: -120.21194 | P11: 47.374516 | Q11: America8DayBig | R11: 7km West of Here | T11: Automatic
A12: 42796.428 | B12: ON | C12: 707 | D12: b3 | E12: test comment | F12: Group 1 | G12: Joe | H12: Fresh | I12: 100489 | L12: T2 | M12: 754182.25 | N12: 0.0051733754 | O12: -120.2134 | P12: 47.373081 | Q12: America8DayBig | R12: 5 Km East of nowhere | T12: Automatic

Sheet Summary
A1: =Data!B1 -> ABC Company
A2: Number of Drivers ON Duty
A4: Created | B4: =Data!B2 -> 42796.698
A5: From | B5: =Data!B3 -> 42796
A6: To | B6: =Data!B4 -> 42797
A7: ON? | B7: TRUE
A10: Status | B10: Driver
A11: ON | B11: 100488 | I11: Number of Drivers ON Duty
B12: 100489 | I12: =IF(B11<>"(blank)",COUNTA(B11:B10001),0) -> 2
A13: Grand Total

Sheet Report
A1: Duty Status Logs
A3: Created | B3: =Data!B2 -> 42796.698
A4: From | B4: =Data!B3 -> 42796
A5: To | B5: =Data!B4 -> 42797
A6: Distance Unit | B6: =Data!B5 -> km
A8: Driver | B8: First Name | C8: Last Name | D8: Date | E8: Status | F8: ON? | G8: Device | H8: CoDrivers | I8: Trailers | J8: Address | K8: Odometer | L8: Distance | M8: Log Origin | N8: Verify Date | O8: Edit Date
A9: =Data!I11 -> 100488 | B9: =Data!G11 -> Ron | C9: =Data!H11 -> Vally | D9: =Data!A11 -> 42796.426 | E9: =Data!B11 -> ON | F9: =IF(E9="ON",TRUE,FALSE) -> TRUE | G9: =Data!C11 -> 707 | H9: =Data!K11 -> 0 | I9: =Data!L11 -> T1 | J9: =Data!R11 -> 7km West of Here | K9: =Data!M11 -> 754181.75 | L9: =Data!N11 -> 0.50995314 | M9: =Data!T11 -> Automatic | N9: =Data!U11 -> 0 | O9: =Data!V11 -> 0
A10: =Data!I12 -> 100489 | B10: =Data!G12 -> Joe | C10: =Data!H12 -> Fresh | D10: =Data!A12 -> 42796.428 | E10: =Data!B12 -> ON | F10: =IF(E10="ON",TRUE,FALSE) -> TRUE | G10: =Data!C12 -> 707 | H10: =Data!K12 -> 0 | I10: =Data!L12 -> T2 | J10: =Data!R12 -> 5 Km East of nowhere | K10: =Data!M12 -> 754182.25 | L10: =Data!N12 -> 0.0051733754 | M10: =Data!T12 -> Automatic | N10: =Data!U12 -> 0 | O10: =Data!V12 -> 0

Sheet Languages
A1: English | B1: French | C1: Spanish | D1: German | E1: Japanese | F1: Polish
A2: **Driver | B2: Conducteur | C2: Conductor | D2: Fahrer | E2: ドライバー | F2: Kierowca
A3: **Date | B3: Date | C3: Fecha | D3: Datum | E3: データ | F3: Data
A4: **Status | B4: État | C4: Estado | D4: Status | E4: ステータス | F4: Status
A5: **Device | B5: Dispositif | C5: Dispositivo | D5: Gerät | E5: デバイス | F5: Urzadzenie
A6: **CoDrivers | B6: Co-chauffeurs | C6: Copiloto | D6: Beifahrer | E6: 補助ドライバー | F6: Wspólkierowcy
A7: **Trailers | B7: Gros porteurs | C7: Remolques | D7: Anhänger | E7: トレーラー | F7: Przyczepy
A8: **Longitude | B8: Longitude | C8: Longitud | D8: Längengrad | E8: 経度 | F8: Dlugosc geograficzna
A9: **Latitude | B9: Latitude | C9: Latitud | D9: Breitengrad | E9: 緯度 | F9: Szerokosc geograficzna
A10: **Address | B10: Adresse | C10: Dirección | D10: Adresse | E10: 住所 | F10: Adres
A11: **Odometer | B11: Odomètre | C11: Odómetro | D11: Kilometerstand | E11: オドメータ | F11: Licznik kilometrów
A12: **Distance | B12: Distance | C12: Distancia | D12: Entfernung | E12: 距離 | F12: Odleglosc
... A23: **Log Origin | B23: Origine du Journal | C23: Origen del Registro | D23: Protokollherkunft | E23: ログの起源 | F23: Powstanie dziennika
