Workbook
Name AllData: Report!$A$9:$I$20

Sheet Summary
A1: **Egregious HOS Violations Cost Report | D1: =Data!B2 -> 44150.333
A2: =Data!B1 -> Fleet Name
G3: **The FMCSA considers any Driver who continues to drive for more than three hours beyond their driving limits as an egregious violator. The Carrier can be fined up to $16000 while the Driver can fined up to $3750. This report can run as a dashboard or as an emailed report that captures any hours of service violations that are longer than three hours and plots on a graph the total potential cost to your organization of these violations.
A4: **Date
A5: **From | B5: =Data!B3 -> 44141
A6: **To | B6: =Data!B4 -> 44148
A7: **Days | B7: =B6-B5 -> 6.9999884
C10: Data
A11: **Driver | B11: **Reason | C11: **Total Company Penalty ($16,000 per violation) | D11: **Total Driver Penalty ($3,750 per violation) | E11: **Number of Egrogrious Violations
A12: b | B12: Driving after more than 8 hour rest limit | C12: 16000 | D12: 3750 | E12: 1
B13: Maximum 11 hour driving limit violation | C13: 16000 | D13: 3750 | E13: 1 | H13: **HOS Violations Penalty
B14: Maximum 14 hour work day limit violation | C14: 16000 | D14: 3750 | E14: 1 | H14: **Total Company Penalty | I14: **Total Driver Penalty
A15: c | B15: Driving after more than 8 hour rest limit | C15: 16000 | D15: 3750 | E15: 1 | H15: =SUM(Report!G3:G100003) -> 144000 | I15: =SUM(Report!H:H) -> 33750
B16: Maximum 11 hour driving limit violation | C16: 16000 | D16: 3750 | E16: 1 | H16: **Penalty Charges
B17: Maximum 14 hour work day limit violation | C17: 16000 | D17: 3750 | E17: 1
A18: d | B18: Driving after more than 8 hour rest limit | C18: 16000 | D18: 3750 | E18: 1
B19: Maximum 11 hour driving limit violation | C19: 16000 | D19: 3750 | E19: 1
B20: Maximum 14 hour work day limit violation | C20: 16000 | D20: 3750 | E20: 1
A21: Grand Total | C21: 144000 | D21: 33750 | E21: 9

Sheet Report
A1: **Egregious HOS Violations Cost Report | G1: =Data!B2 -> 44150.333
A2: =Data!B1 -> Fleet Name
A4: **Date
A5: **From | B5: =Data!B3 -> 44141
A6: **To | B6: =Data!B4 -> 44148
A7: **Days | B7: =B6-B5 -> 6.9999884
C8: Hide
A9: **Driver | B9: **Start Date | C9: **End Date | D9: **Driving Duration | E9: **Type | F9: **Driving Violation Count | G9: **Company Penalty ($16,000 per violation) | H9: **Driver Penalty ($3,750 per violation) | I9: **Reason
A10: =Data!A10 -> a | B10: =Data!C10 -> 42664.689 | C10: =IF(Data!D10=0, "Ongoing Violation", Data!D10) -> Ongoing Violation | D10: =Data!E10 -> 0.011261794 | E10: =Data!F10 -> Rest | F10: =IF(E10="Driving",1,0) -> 0 | G10: =IF(D10>0.125,16000,"") | H10: =IF(D10>0.125,3750,"") | I10: =Data!G10 -> Driving after more than 8 hour rest limit
A11: =Data!A11 -> a | B11: =Data!C11 -> 42664.689 | C11: =IF(Data!D11=0, "Ongoing Violation", Data!D11) -> Ongoing Violation | D11: =Data!E11 -> 0.011261794 | E11: =Data!F11 -> Workday | F11: =IF(E11="Driving",1,0) -> 0 | G11: =IF(D11>0.125,16000,"") | H11: =IF(D11>0.125,3750,"") | I11: =Data!G11 -> Driving after more than 8 hour rest limit
A12: =Data!A12 -> b | B12: =Data!C12 -> 42605.117 | C12: =IF(Data!D12=0, "Ongoing Violation", Data!D12) -> Ongoing Violation | D12: =Data!E12 -> 82.600031 | E12: =Data!F12 -> Driving | F12: =IF(E12="Driving",1,0) -> 1 | G12: =IF(D12>0.125,16000,"") -> 16000 | H12: =IF(D12>0.125,3750,"") -> 3750 | I12: =Data!G12 -> Maximum 11 hour driving limit violation
A13: =Data!A13 -> b | B13: =Data!C13 -> 42604.992 | C13: =IF(Data!D13=0, "Ongoing Violation", Data!D13) -> Ongoing Violation | D13: =Data!E13 -> 82.725031 | E13: =Data!F13 -> Rest | F13: =IF(E13="Driving",1,0) -> 0 | G13: =IF(D13>0.125,16000,"") -> 16000 | H13: =IF(D13>0.125,3750,"") -> 3750 | I13: =Data!G13 -> Driving after more than 8 hour rest limit
A14: =Data!A14 -> b | B14: =Data!C14 -> 42605.325 | C14: =IF(Data!D14=0, "Ongoing Violation", Data!D14) -> Ongoing Violation | D14: =Data!E14 -> 82.391698 | E14: =Data!F14 -> Workday | F14: =IF(E14="Driving",1,0) -> 0 | G14: =IF(D14>0.125,16000,"") -> 16000 | H14: =IF(D14>0.125,3750,"") -> 3750 | I14: =Data!G14 -> Maximum 14 hour work day limit violation
A15: =Data!A15 -> c | B15: =Data!C15 -> 42683.862 | C15: =IF(Data!D15=0, "Ongoing Violation", Data!D15) -> Ongoing Violation | D15: =Data!E15 -> 3.8132609 | E15: =Data!F15 -> Driving | F15: =IF(E15="Driving",1,0) -> 1 | G15: =IF(D15>0.125,16000,"") -> 16000 | H15: =IF(D15>0.125,3750,"") -> 3750 | I15: =Data!G15 -> Maximum 11 hour driving limit violation
A16: =Data!A16 -> c | B16: =Data!C16 -> 42683.726 | C16: =IF(Data!D16=0, "Ongoing Violation", Data!D16) -> Ongoing Violation | D16: =Data!E16 -> 3.9490488 | E16: =Data!F16 -> Rest | F16: =IF(E16="Driving",1,0) -> 0 | G16: =IF(D16>0.125,16000,"") -> 16000 | H16: =IF(D16>0.125,3750,"") -> 3750 | I16: =Data!G16 -> Driving after more than 8 hour rest limit
A17: =Data!A17 -> c | B17: =Data!C17 -> 42684.06 | C17: =IF(Data!D17=0, "Ongoing Violation", Data!D17) -> Ongoing Violation | D17: =Data!E17 -> 3.6157155 | E17: =Data!F17 -> Workday | F17: =IF(E17="Driving",1,0) -> 0 | G17: =IF(D17>0.125,16000,"") -> 16000 | H17: =IF(D17>0.125,3750,"") -> 3750 | I17: =Data!G17 -> Maximum 14 hour work day limit violation
A18: =Data!A18 -> d | B18: =Data!C18 -> 42623.175 | C18: =IF(Data!D18=0, "Ongoing Violation", Data!D18) -> Ongoing Violation | D18: =Data!E18 -> 64.541806 | E18: =Data!F18 -> Driving | F18: =IF(E18="Driving",1,0) -> 1 | G18: =IF(D18>0.125,16000,"") -> 16000 | H18: =IF(D18>0.125,3750,"") -> 3750 | I18: =Data!G18 -> Maximum 11 hour driving limit violation
A19: =Data!A19 -> d | B19: =Data!C19 -> 42623.05 | C19: =IF(Data!D19=0, "Ongoing Violation", Data!D19) -> Ongoing Violation | D19: =Data!E19 -> 64.666806 | E19: =Data!F19 -> Rest | F19: =IF(E19="Driving",1,0) -> 0 | G19: =IF(D19>0.125,16000,"") -> 16000 | H19: =IF(D19>0.125,3750,"") -> 3750 | I19: =Data!G19 -> Driving after more than 8 hour rest limit
A20: =Data!A20 -> d | B20: =Data!C20 -> 42623.384 | C20: =IF(Data!D20=0, "Ongoing Violation", Data!D20) -> Ongoing Violation | D20: =Data!E20 -> 64.333473 | E20: =Data!F20 -> Workday | F20: =IF(E20="Driving",1,0) -> 0 | G20: =IF(D20>0.125,16000,"") -> 16000 | H20: =IF(D20>0.125,3750,"") -> 3750 | I20: =Data!G20 -> Maximum 14 hour work day limit violation

Sheet Data
A1: CompanyName | B1: Fleet Name
A2: RunDate | B2: 44150.333
A3: FromDate | B3: 44141
A4: ToDate | B4: 44148
A5: DistanceUnit | B5: miles
A6: SpeedUnit | B6: mph
A7: SendReport | B7: TRUE
A8: LastModifiedUser | B8: **<No User>
A9: .Driver.UserName | B9: .Driver.UserId | C9: HosViolationStartDateTime | D9: HosViolationEndDateTime | E9: HosViolationDrivingDuration | F9: HosViolationType | G9: HosViolationReason
A10: a | B10: b2B | C10: 42664.689 | E10: 0.011261794 | F10: Rest | G10: Driving after more than 8 hour rest limit
A11: a | B11: b2B | C11: 42664.689 | E11: 0.011261794 | F11: Workday | G11: Driving after more than 8 hour rest limit
A12: b | B12: bE4 | C12: 42605.117 | E12: 82.600031 | F12: Driving | G12: Maximum 11 hour driving limit violation
A13: b | B13: bE4 | C13: 42604.992 | E13: 82.725031 | F13: Rest | G13: Driving after more than 8 hour rest limit
A14: b | B14: bE4 | C14: 42605.325 | E14: 82.391698 | F14: Workday | G14: Maximum 14 hour work day limit violation
A15: c | B15: b42 | C15: 42683.862 | E15: 3.8132609 | F15: Driving | G15: Maximum 11 hour driving limit violation
A16: c | B16: b42 | C16: 42683.726 | E16: 3.9490488 | F16: Rest | G16: Driving after more than 8 hour rest limit
A17: c | B17: b42 | C17: 42684.06 | E17: 3.6157155 | F17: Workday | G17: Maximum 14 hour work day limit violation
A18: d | B18: bAF | C18: 42623.175 | E18: 64.541806 | F18: Driving | G18: Maximum 11 hour driving limit violation
A19: d | B19: bAF | C19: 42623.05 | E19: 64.666806 | F19: Rest | G19: Driving after more than 8 hour rest limit
A20: d | B20: bAF | C20: 42623.384 | E20: 64.333473 | F20: Workday | G20: Maximum 14 hour work day limit violation

Sheet Setup

Sheet Languages
A1: English | B1: French | C1: Spanish | D1: German | E1: Japanese
A2: **Driver | B2: Conducteur | C2: Conductor | D2: Fahrer | E2: ドライバー
A3: **Start Date | B3: Date de début | C3: Fecha de inicio | D3: Startdatum | E3: 開始日
A4: **End Date | B4: Date de fin | C4: Fecha de finalización | D4: Enddatum | E4: 終了日
A5: **Driving Duration | B5: Durée de conduite | C5: Duración de conducción | D5: Fahrtendauer | E5: 運転期間
A6: **Type | B6: Type | C6: Tipo | D6: Typ | E6: 種類
A7: **Reason | B7: Raison | C7: Motivo | D7: Grund | E7: 理由
A8: **HOS Driver Logs | B8: Registre HDS du chauffeur | C8: Registros de horas de servicio del conductor | D8: Fahrerlenkzeit (HOS) Protokolle | E8: HOS ドライバーログ
A9: **Summary | B9: Sommaire | C9: Resumen | D9: Zusammenfassung | E9: 走行データ
A10: **Created | B10: Créé | C10: Creado | D10: Angelegt | E10: 作成済
A11: **From | B11: À partir de | C11: De | D11: Von | E11: から
A12: **To | B12: Pour | C12: Para | D12: An | E12: へ
... A14: **Last Name | B14: Nom de famille | C14: Apellido | D14: Nachname | E14: ラストネーム
A15: **Check
A16: **Date
A17: **Time and Date
A18: **ELD Driver Violations Alert
A19: **Drivers in Violation
A20: **Hours
A21: **Driving Violation Count
A22: **Company Penalty
A23: **Driver Penalty
A24: **The FMCSA considers any Driver who continues to drive for more than three hours beyond their driving limits as an egregious violator. The Carrier can be fined up to $16000 while the Driver can fined up to $3750. This report can run as a dashboard or as an emailed report that captures any hours of service violations that are longer than three hours and plots on a graph the total potential cost to your organization of these violations.
A25: **Egregious HOS Violations Cost Report
A26: **Total Company Penalty ($16,000 per violation)
... A35: **Penalty Charges
