Workbook
Name AllData: Report!$A$12:$F$17

Sheet Data
A1: CompanyName | B1: ABC_Company Inc
A2: RunDate | B2: 44127.623
A3: FromDate | B3: 44105
A4: ToDate | B4: 44136
A5: TimeZone | B5: Europe/London
A6: DistanceUnit | B6: km
A7: ElectricPowerUnit | B7: kW
A8: ElectricEnergyUnit | B8: kWh
A9: ElectricEconomyUnit | B9: kWh/100 km
A10: SendReport | B10: TRUE
A11: LastModifiedUser | B11: abccompany@abccompany.com
A12: Language | B12: en
A13: DeviceName | B13: DeviceId | C13: DeviceComment | D13: DeviceGroup | E13: ChargeEventLocation | F13: ChargeEventZones | G13: ZoneZoneTypes | H13: ChargeEventEnergyAdded
A14: Vehicle 1 | B14: b1 | C14: Chevrolet Volt | D14: EV, PHEV | E14: 1032 Template Rd, Oakville, ON | F14: EV Zone 1, EV Zone 5 | G14: Home Zone | H14: 8.7700005
A15: Vehicle 2 | B15: b2 | C15: Tesla Model S | D15: EV, BEV | E15: 1032 Template Rd, Oakville, ON | F15: EV Zone 2 | G15: Customer Zone | H15: 1.84
A16: Vehicle 3 | B16: b3 | C16: Nissan Leaf | D16: EV, BEV | E16: 1032 Template Rd, Oakville, ON | F16: EV Zone 3 | G16: Office Zone | H16: 6.1199999
A17: Vehicle 4 | B17: b4 | C17: Chevrolet Bolt | D17: EV, BEV | E17: 1032 Template Rd, Oakville, ON | F17: EV Zone 4 | G17: Custom Type Zone | H17: 6.1199999
A18: Vehicle 5 | B18: b5 | C18: Chevrolet Bolt | D18: EV, BEV | H18: 7.1199999

Sheet Report
A1: **EV Charging Cost Report | C1: =Data!B2 -> 44127.623
H3: **Outside of Zones
A4: **Legend
A5: **From | B5: =Data!B3 -> 44105
A6: **To | B6: =Data!B4 -> 44136
A7: **Time Zone | B7: =Data!B5 -> Europe/London
A8: **Electric Energy Unit | B8: =Data!B8 -> kWh
A9: **Currency | B9: ='User Entries'!B9 -> $
A12: **Vehicle | B12: **Zones | C12: **Zone Types | D12: **Energy Added | E12: **Cost of Electric Energy | F12: **Cost
A13: =Data!A14 -> Vehicle 1 | B13: =IF(Data!F14="",$H$3,Data!F14) -> EV Zone 1, EV Zone 5 | C13: =IF(Data!G14="",$H$3,Data!G14) -> Home Zone | D13: =Data!H14 -> 8.7700005 | E13: {=IFERROR(INDEX(INDIRECT("'User Entries'!C"&ROW($A$13)&":C"&INDIRECT("'User Entries'!$B$4")),MATCH(B13,INDIRECT("'User Entries'!A"&ROW($A$13)&":A"&INDIRECT("'User Entries'!$B$4")),0),0),INDEX(INDIRECT("'User Entries'!C"&ROW($A$13)&":C"&INDIRECT("'User Entries'!$B$4")),MATCH(C13,INDIRECT("'User Entries'!B"&ROW($A$13)&":B"&INDIRECT("'User Entries'!$B$4")),0),0))} -> 0.3 | F13: =D13*E13 -> 2.6310001
A14: =Data!A15 -> Vehicle 2 | B14: =IF(Data!F15="",$H$3,Data!F15) -> EV Zone 2 | C14: =IF(Data!G15="",$H$3,Data!G15) -> Customer Zone | D14: =Data!H15 -> 1.84 | E14: {=IFERROR(INDEX(INDIRECT("'User Entries'!C"&ROW($A$13)&":C"&INDIRECT("'User Entries'!$B$4")),MATCH(B14,INDIRECT("'User Entries'!A"&ROW($A$13)&":A"&INDIRECT("'User Entries'!$B$4")),0),0),INDEX(INDIRECT("'User Entries'!C"&ROW($A$13)&":C"&INDIRECT("'User Entries'!$B$4")),MATCH(C14,INDIRECT("'User Entries'!B"&ROW($A$13)&":B"&INDIRECT("'User Entries'!$B$4")),0),0))} -> 0.15 | F14: =D14*E14 -> 0.27600001
A15: =Data!A16 -> Vehicle 3 | B15: =IF(Data!F16="",$H$3,Data!F16) -> EV Zone 3 | C15: =IF(Data!G16="",$H$3,Data!G16) -> Office Zone | D15: =Data!H16 -> 6.1199999 | E15: {=IFERROR(INDEX(INDIRECT("'User Entries'!C"&ROW($A$13)&":C"&INDIRECT("'User Entries'!$B$4")),MATCH(B15,INDIRECT("'User Entries'!A"&ROW($A$13)&":A"&INDIRECT("'User Entries'!$B$4")),0),0),INDEX(INDIRECT("'User Entries'!C"&ROW($A$13)&":C"&INDIRECT("'User Entries'!$B$4")),MATCH(C15,INDIRECT("'User Entries'!B"&ROW($A$13)&":B"&INDIRECT("'User Entries'!$B$4")),0),0))} -> 0.2 | F15: =D15*E15 -> 1.224
A16: =Data!A17 -> Vehicle 4 | B16: =IF(Data!F17="",$H$3,Data!F17) -> EV Zone 4 | C16: =IF(Data!G17="",$H$3,Data!G17) -> Custom Type Zone | D16: =Data!H17 -> 6.1199999 | E16: {=IFERROR(INDEX(INDIRECT("'User Entries'!C"&ROW($A$13)&":C"&INDIRECT("'User Entries'!$B$4")),MATCH(B16,INDIRECT("'User Entries'!A"&ROW($A$13)&":A"&INDIRECT("'User Entries'!$B$4")),0),0),INDEX(INDIRECT("'User Entries'!C"&ROW($A$13)&":C"&INDIRECT("'User Entries'!$B$4")),MATCH(C16,INDIRECT("'User Entries'!B"&ROW($A$13)&":B"&INDIRECT("'User Entries'!$B$4")),0),0))} -> 0.25 | F16: =D16*E16 -> 1.53
A17: =Data!A18 -> Vehicle 5 | B17: =IF(Data!F18="",$H$3,Data!F18) -> **Outside of Zones | C17: =IF(Data!G18="",$H$3,Data!G18) -> **Outside of Zones | D17: =Data!H18 -> 7.1199999 | E17: {=IFERROR(INDEX(INDIRECT("'User Entries'!C"&ROW($A$13)&":C"&INDIRECT("'User Entries'!$B$4")),MATCH(B17,INDIRECT("'User Entries'!A"&ROW($A$13)&":A"&INDIRECT("'User Entries'!$B$4")),0),0),INDEX(INDIRECT("'User Entries'!C"&ROW($A$13)&":C"&INDIRECT("'User Entries'!$B$4")),MATCH(C17,INDIRECT("'User Entries'!B"&ROW($A$13)&":B"&INDIRECT("'User Entries'!$B$4")),0),0))} -> 1 | F17: =D17*E17 -> 7.1199999

Sheet User Entries
A1: =Report!A1 -> **EV Charging Cost Report
A2: **User Entries
A4: Rows | B4: =COUNTA(C:C)+12 -> 22
A5: **Legend
B6: **User Entries
I8: Currency drop-down
A9: =Report!A9 -> **Currency | B9: $ | I9: $
I10: £
I11: €
A12: =Report!B12 -> **Zones | B12: =Report!C12 -> **Zone Types | C12: =Report!E12 -> **Cost of Electric Energy
A13: EV Zone 1 | C13: 0.1
A14: EV Zone 2 | C14: 0.15
A15: EV Zone 3 | C15: 0.2
A16: EV Zone 4 | C16: 0.25
B17: Home Zone | C17: 0.3
B18: Customer Zone | C18: 0.35
B19: Office Zone | C19: 0.4
B20: Custom Type Zone | C20: 0.45
A21: Outside of Zones | C21: 1

Sheet Languages
A1: English | B1: French | C1: Spanish | D1: German | E1: Japanese | F1: Polish | G1: Portuguese-Brazil | H1: Dutch | I1: Italian | J1: Simplified Chinese | K1: Thai
A2: **Created | B2: Créé | C2: Creado | D2: Angelegt | E2: 作成済 | F2: Utworzono | G2: Criado em | H2: Aangemaakt | I2: Creato | J2: 创建日期 | K2: สร้างแล้ว
A3: **From | B3: À partir de | C3: Desde | D3: Von | E3: から | F3: Od | G3: De | H3: Van | I3: Da | J3: 自 | K3: จาก
A4: **To | B4: Pour | C4: Hasta | D4: An | E4: へ | F4: Do | G4: Para | H4: Aan | I4: A | J4: 至 | K4: ถึง
A5: **Electric Energy Economy Unit | B5: Unité d’économie d’énergie électrique | C5: Unidad de consumo de energía eléctrica | D5: Einheit für den durchschnittlichen Stromverbrauch | E5: 電費単位 | F5: Jednostka zużycia energii elektrycznej | G5: Unidade de economia de energia elétrica | H5: Eenheid elektrische-energieverbruik | I5: Unità di misura del risparmio di energia elettrica | J5: 电能经济性单位 | K5: หน่วยอัตราสิ้นเปลืองพลังงานไฟฟ้า
A6: **Electric Energy Unit | B6: Unité d’énergie électrique | C6: Unidad de energía eléctrica | D6: Einheit für den Stromverbrauch | E6: 電力量単位 | F6: Jednostka energii elektrycznej | G6: Unidade de energia elétrica | H6: Eenheid elektrische energie | I6: Unità di misura dell'energia elettrica | J6: 电能单位 | K6: หน่วยพลังงานไฟฟ้า
A7: **Electric Energy Economy | B7: Économie d’énergie électrique | C7: Consumo de energía eléctrica | D7: Stromverbrauch | E7: 電費 | F7: Zużycie energii elektrycznej | G7: Economia de energia elétrica | H7: Elektrische-energieverbruik | I7: Risparmio di energia elettrica | J7: 电能经济性 | K7: อัตราสิ้นเปลืองพลังงานไฟฟ้า
A8: **Vehicle | B8: Véhicule | C8: Vehículo | D8: Fahrzeug | E8: 車両 | F8: Pojazd | G8: Veículo | H8: Voertuig | I8: Veicolo | J8: 车辆 | K8: รถ
A9: **Location | B9: Emplacement | C9: Ubicación | D9: Ort | E9: 位置 | F9: Lokalizacja | G9: Localização | H9: Locatie | I9: Ubicazione | J9: 位置 | K9: ตำแหน่งที่ตั้ง
A10: **Zone | B10: Zone | C10: Zona | D10: Zone | E10: ゾーン | F10: Strefa | G10: Zona | H10: Zone | I10: Zona | J10: 区域 | K10: โซน
A11: **Zone Types | B11: Types de zone | C11: Tipos de zona | D11: Zonentypen | E11: ゾーンタイプ | F11: Typy stref | G11: Tipos de zona | H11: Zonetypes | I11: Tipi di zona | J11: 区域类型 | K11: ประเภทโซน
A12: **Charge Events: Each row corresponds to when charging starts (power > 0 W) to when it stops (power = 0 W). | B12: Sessions de charge : Chaque ligne correspond à la période à partir du début de charge (puissance > 0 W) jusqu’à la fin de la charge (puissance = 0 W). | C12: Eventos de carga: Cada fila corresponde al inicio de la carga (potencia > 0 W) hasta el final de la carga (potencia = 0 W). | D12: 充電イベント：各行は、充電開始時（電力 > 0 W）と充電停止時（電力 = 0 W）に対応しています。 | E12: Ladeereignisse: Jede Zeile entspricht dem Beginn des Ladevorgangs (Leistung > 0 W) bis zum Ende des Ladevorgangs (Leistung = 0 W). | F12: Zdarzenia ładowania: Każdy rząd odpowiada wartościom od rozpoczęcia ładowania (moc > 0 W) do zakończenia ładowania (moc = 0 W). | G12: Eventos de carga: Cada linha corresponde ao início da carga (potência > 0 W) até o momento de parada da carga (potência = 0 W). | H12: Laadgebeurtenissen: Elke rij komt overeen met wanneer het laden begint (vermogen > 0 W) tot wanneer het laden stopt (vermogen = 0 W). | I12: Eventi di carica: Ogni riga corrisponde all'inizio della ricarica (alimentazione > 0 W) fino alla fine della ricarica (alimentazione = 0 W). | J12: 充电记录：每一行与开始充电（功率 > 0 W）至停止充电（功率 = 0 W）相对应。 | K12: เหตุการณ์การชาร์จ: แต่ละแถวจะสัมพันธ์กับเวลาที่การชาร์จเริ่มต้น (พลังงาน > 0 วัตต์) ถึงเวลาที่การชาร์จสิ้นสุด (พลังงาน = 0 วัตต์)
... A42: **Outside of Zones | B42: En dehors des zones | C42: Fuera de las zonas | D42: Außerhalb der Zonen | E42: ゾーン外部 | F42: Poza strefami | G42: Fora das zonas | H42: Buiten de zones | I42: All'esterno delle zone | J42: 超出区域 | K42: นอกโซน

Sheet Charging Cost By Zone
A1: =Report!A1 -> **EV Charging Cost Report | C1: =Report!C1 -> 44127.623
A2: **Charging Cost By Zone
A4: =Report!A4 -> **Legend
A5: =Report!A5 -> **From | B5: =Report!B5 -> 44105
A6: =Report!A6 -> **To | B6: =Report!B6 -> 44136
A7: =Report!A7 -> **Time Zone | B7: =Report!B7 -> Europe/London
A8: =Report!A8 -> **Electric Energy Unit | B8: =Report!B8 -> kWh
A9: =Report!A9 -> **Currency | B9: =Report!B9 -> $
A12: **Zones | B12: **Zone Types | C12: **Vehicle | D12: **Energy Added | E12: **Cost
A13: EV Zone 2 | B13: Customer Zone | C13: Vehicle 2 | D13: 1.84 | E13: 0.27600001
A14: EV Zone 1, EV Zone 5 | B14: Home Zone | C14: Vehicle 1 | D14: 8.7700005 | E14: 2.6310001
A15: EV Zone 3 | B15: Office Zone | C15: Vehicle 3 | D15: 6.1199999 | E15: 1.224
A16: EV Zone 4 | B16: Custom Type Zone | C16: Vehicle 4 | D16: 6.1199999 | E16: 1.53
A17: **Outside of Zones | B17: **Outside of Zones | C17: Vehicle 5 | D17: 7.1199999 | E17: 7.1199999

Sheet Charging Cost By Vehicle
A1: =Report!A1 -> **EV Charging Cost Report | C1: =Report!C1 -> 44127.623
A2: **Charging Cost By Vehicle
A4: =Report!A4 -> **Legend
A5: =Report!A5 -> **From | B5: =Report!B5 -> 44105
A6: =Report!A6 -> **To | B6: =Report!B6 -> 44136
A7: =Report!A7 -> **Time Zone | B7: =Report!B7 -> Europe/London
A8: =Report!A8 -> **Electric Energy Unit | B8: =Report!B8 -> kWh
A9: =Report!A9 -> **Currency | B9: =Report!B9 -> $
A12: **Vehicle | B12: **Zones | C12: **Zone Types | D12: **Energy Added | E12: **Cost
A13: Vehicle 1 | B13: EV Zone 1, EV Zone 5 | C13: Home Zone | D13: 8.7700005 | E13: 2.6310001
A14: Vehicle 2 | B14: EV Zone 2 | C14: Customer Zone | D14: 1.84 | E14: 0.27600001
A15: Vehicle 3 | B15: EV Zone 3 | C15: Office Zone | D15: 6.1199999 | E15: 1.224
A16: Vehicle 4 | B16: EV Zone 4 | C16: Custom Type Zone | D16: 6.1199999 | E16: 1.53
A17: Vehicle 5 | B17: **Outside of Zones | C17: **Outside of Zones | D17: 7.1199999 | E17: 7.1199999
